This is pdfTeX, Version 3.141592653-2.6-1.40.25 (TeX Live 2023/Debian) (preloaded format=pdflatex 2026.7.4)  4 JUL 2026 19:26
entering extended mode
 restricted \write18 enabled.
 %&-line parsing enabled.
**jalon-11.tex
(./jalon-11.tex
LaTeX2e <2023-11-01> patch level 1
L3 programming layer <2024-01-22>
(/usr/share/texlive/texmf-dist/tex/latex/base/article.cls
Document Class: article 2023/05/17 v1.4n Standard LaTeX document class
(/usr/share/texlive/texmf-dist/tex/latex/base/size12.clo
File: size12.clo 2023/05/17 v1.4n Standard LaTeX file (size option)
)
\c@part=\count187
\c@section=\count188
\c@subsection=\count189
\c@subsubsection=\count190
\c@paragraph=\count191
\c@subparagraph=\count192
\c@figure=\count193
\c@table=\count194
\abovecaptionskip=\skip48
\belowcaptionskip=\skip49
\bibindent=\dimen140
)
(/usr/share/texlive/texmf-dist/tex/latex/base/inputenc.sty
Package: inputenc 2021/02/14 v1.3d Input encoding file
\inpenc@prehook=\toks17
\inpenc@posthook=\toks18
)
(/usr/share/texlive/texmf-dist/tex/latex/base/fontenc.sty
Package: fontenc 2021/04/29 v2.0v Standard LaTeX package
)
(/usr/share/texlive/texmf-dist/tex/generic/babel/babel.sty
Package: babel 2024/01/07 v24.1 The Babel package
\babel@savecnt=\count195
\U@D=\dimen141
\l@unhyphenated=\language7

(/usr/share/texlive/texmf-dist/tex/generic/babel/txtbabel.def)
\bbl@readstream=\read2
\bbl@dirlevel=\count196

(/usr/share/texlive/texmf-dist/tex/generic/babel-french/french.ldf
Language: french 2023-12-19 v3.5r French support from the babel system
Package babel Info: Hyphen rules for 'acadian' set to \l@french
(babel)             (\language5). Reported on input line 91.
Package babel Info: Hyphen rules for 'canadien' set to \l@french
(babel)             (\language5). Reported on input line 92.
\FB@stdchar=\count197
Package babel Info: Making : an active character on input line 420.
Package babel Info: Making ; an active character on input line 421.
Package babel Info: Making ! an active character on input line 422.
Package babel Info: Making ? an active character on input line 423.
\FBguill@level=\count198
\FBold@everypar=\toks19
\FB@Mht=\dimen142
\mc@charclass=\count199
\mc@charfam=\count266
\mc@charslot=\count267
\std@mcc=\count268
\dec@mcc=\count269
\FB@parskip=\dimen143
\listindentFB=\dimen144
\descindentFB=\dimen145
\labelindentFB=\dimen146
\labelwidthFB=\dimen147
\leftmarginFB=\dimen148
\parindentFFN=\dimen149
\FBfnindent=\dimen150
))
(/usr/share/texlive/texmf-dist/tex/generic/babel/locale/fr/babel-french.tex
Package babel Info: Importing font and identification data for french
(babel)             from babel-fr.ini. Reported on input line 11.
)
(/usr/share/texlive/texmf-dist/tex/latex/carlisle/scalefnt.sty)
(/usr/share/texlive/texmf-dist/tex/latex/graphics/keyval.sty
Package: keyval 2022/05/29 v1.15 key=value parser (DPC)
\KV@toks@=\toks20
)
(/usr/share/texlive/texmf-dist/tex/latex/amsmath/amsmath.sty
Package: amsmath 2023/05/13 v2.17o AMS math features
\@mathmargin=\skip50

For additional information on amsmath, use the `?' option.
(/usr/share/texlive/texmf-dist/tex/latex/amsmath/amstext.sty
Package: amstext 2021/08/26 v2.01 AMS text

(/usr/share/texlive/texmf-dist/tex/latex/amsmath/amsgen.sty
File: amsgen.sty 1999/11/30 v2.0 generic functions
\@emptytoks=\toks21
\ex@=\dimen151
))
(/usr/share/texlive/texmf-dist/tex/latex/amsmath/amsbsy.sty
Package: amsbsy 1999/11/29 v1.2d Bold Symbols
\pmbraise@=\dimen152
)
(/usr/share/texlive/texmf-dist/tex/latex/amsmath/amsopn.sty
Package: amsopn 2022/04/08 v2.04 operator names
)
\inf@bad=\count270
LaTeX Info: Redefining \frac on input line 234.
\uproot@=\count271
\leftroot@=\count272
LaTeX Info: Redefining \overline on input line 399.
LaTeX Info: Redefining \colon on input line 410.
\classnum@=\count273
\DOTSCASE@=\count274
LaTeX Info: Redefining \ldots on input line 496.
LaTeX Info: Redefining \dots on input line 499.
LaTeX Info: Redefining \cdots on input line 620.
\Mathstrutbox@=\box51
\strutbox@=\box52
LaTeX Info: Redefining \big on input line 722.
LaTeX Info: Redefining \Big on input line 723.
LaTeX Info: Redefining \bigg on input line 724.
LaTeX Info: Redefining \Bigg on input line 725.
\big@size=\dimen153
LaTeX Font Info:    Redeclaring font encoding OML on input line 743.
LaTeX Font Info:    Redeclaring font encoding OMS on input line 744.
\macc@depth=\count275
LaTeX Info: Redefining \bmod on input line 905.
LaTeX Info: Redefining \pmod on input line 910.
LaTeX Info: Redefining \smash on input line 940.
LaTeX Info: Redefining \relbar on input line 970.
LaTeX Info: Redefining \Relbar on input line 971.
\c@MaxMatrixCols=\count276
\dotsspace@=\muskip16
\c@parentequation=\count277
\dspbrk@lvl=\count278
\tag@help=\toks22
\row@=\count279
\column@=\count280
\maxfields@=\count281
\andhelp@=\toks23
\eqnshift@=\dimen154
\alignsep@=\dimen155
\tagshift@=\dimen156
\tagwidth@=\dimen157
\totwidth@=\dimen158
\lineht@=\dimen159
\@envbody=\toks24
\multlinegap=\skip51
\multlinetaggap=\skip52
\mathdisplay@stack=\toks25
LaTeX Info: Redefining \[ on input line 2953.
LaTeX Info: Redefining \] on input line 2954.
)
(/usr/share/texlive/texmf-dist/tex/latex/amsfonts/amssymb.sty
Package: amssymb 2013/01/14 v3.01 AMS font symbols

(/usr/share/texlive/texmf-dist/tex/latex/amsfonts/amsfonts.sty
Package: amsfonts 2013/01/14 v3.01 Basic AMSFonts support
\symAMSa=\mathgroup4
\symAMSb=\mathgroup5
LaTeX Font Info:    Redeclaring math symbol \hbar on input line 98.
LaTeX Font Info:    Overwriting math alphabet `\mathfrak' in version `bold'
(Font)                  U/euf/m/n --> U/euf/b/n on input line 106.
))
(/usr/share/texlive/texmf-dist/tex/latex/amscls/amsthm.sty
Package: amsthm 2020/05/29 v2.20.6
\thm@style=\toks26
\thm@bodyfont=\toks27
\thm@headfont=\toks28
\thm@notefont=\toks29
\thm@headpunct=\toks30
\thm@preskip=\skip53
\thm@postskip=\skip54
\thm@headsep=\skip55
\dth@everypar=\toks31
)
(/usr/share/texlive/texmf-dist/tex/latex/geometry/geometry.sty
Package: geometry 2020/01/02 v5.9 Page Geometry

(/usr/share/texlive/texmf-dist/tex/generic/iftex/ifvtex.sty
Package: ifvtex 2019/10/25 v1.7 ifvtex legacy package. Use iftex instead.

(/usr/share/texlive/texmf-dist/tex/generic/iftex/iftex.sty
Package: iftex 2022/02/03 v1.0f TeX engine tests
))
\Gm@cnth=\count282
\Gm@cntv=\count283
\c@Gm@tempcnt=\count284
\Gm@bindingoffset=\dimen160
\Gm@wd@mp=\dimen161
\Gm@odd@mp=\dimen162
\Gm@even@mp=\dimen163
\Gm@layoutwidth=\dimen164
\Gm@layoutheight=\dimen165
\Gm@layouthoffset=\dimen166
\Gm@layoutvoffset=\dimen167
\Gm@dimlist=\toks32
)
(/usr/share/texlive/texmf-dist/tex/latex/listings/listings.sty
\lst@mode=\count285
\lst@gtempboxa=\box53
\lst@token=\toks33
\lst@length=\count286
\lst@currlwidth=\dimen168
\lst@column=\count287
\lst@pos=\count288
\lst@lostspace=\dimen169
\lst@width=\dimen170
\lst@newlines=\count289
\lst@lineno=\count290
\lst@maxwidth=\dimen171

(/usr/share/texlive/texmf-dist/tex/latex/listings/lstmisc.sty
File: lstmisc.sty 2023/02/27 1.9 (Carsten Heinz)
\c@lstnumber=\count291
\lst@skipnumbers=\count292
\lst@framebox=\box54
)
(/usr/share/texlive/texmf-dist/tex/latex/listings/listings.cfg
File: listings.cfg 2023/02/27 1.9 listings configuration
))
Package: listings 2023/02/27 1.9 (Carsten Heinz)

(/usr/share/texlive/texmf-dist/tex/latex/pgf/frontendlayer/tikz.sty
(/usr/share/texlive/texmf-dist/tex/latex/pgf/basiclayer/pgf.sty
(/usr/share/texlive/texmf-dist/tex/latex/pgf/utilities/pgfrcs.sty
(/usr/share/texlive/texmf-dist/tex/generic/pgf/utilities/pgfutil-common.tex
\pgfutil@everybye=\toks34
\pgfutil@tempdima=\dimen172
\pgfutil@tempdimb=\dimen173
)
(/usr/share/texlive/texmf-dist/tex/generic/pgf/utilities/pgfutil-latex.def
\pgfutil@abb=\box55
)
(/usr/share/texlive/texmf-dist/tex/generic/pgf/utilities/pgfrcs.code.tex
(/usr/share/texlive/texmf-dist/tex/generic/pgf/pgf.revision.tex)
Package: pgfrcs 2023-01-15 v3.1.10 (3.1.10)
))
Package: pgf 2023-01-15 v3.1.10 (3.1.10)

(/usr/share/texlive/texmf-dist/tex/latex/pgf/basiclayer/pgfcore.sty
(/usr/share/texlive/texmf-dist/tex/latex/graphics/graphicx.sty
Package: graphicx 2021/09/16 v1.2d Enhanced LaTeX Graphics (DPC,SPQR)

(/usr/share/texlive/texmf-dist/tex/latex/graphics/graphics.sty
Package: graphics 2022/03/10 v1.4e Standard LaTeX Graphics (DPC,SPQR)

(/usr/share/texlive/texmf-dist/tex/latex/graphics/trig.sty
Package: trig 2021/08/11 v1.11 sin cos tan (DPC)
)
(/usr/share/texlive/texmf-dist/tex/latex/graphics-cfg/graphics.cfg
File: graphics.cfg 2016/06/04 v1.11 sample graphics configuration
)
Package graphics Info: Driver file: pdftex.def on input line 107.

(/usr/share/texlive/texmf-dist/tex/latex/graphics-def/pdftex.def
File: pdftex.def 2022/09/22 v1.2b Graphics/color driver for pdftex
))
\Gin@req@height=\dimen174
\Gin@req@width=\dimen175
)
(/usr/share/texlive/texmf-dist/tex/latex/pgf/systemlayer/pgfsys.sty
(/usr/share/texlive/texmf-dist/tex/generic/pgf/systemlayer/pgfsys.code.tex
Package: pgfsys 2023-01-15 v3.1.10 (3.1.10)

(/usr/share/texlive/texmf-dist/tex/generic/pgf/utilities/pgfkeys.code.tex
\pgfkeys@pathtoks=\toks35
\pgfkeys@temptoks=\toks36

(/usr/share/texlive/texmf-dist/tex/generic/pgf/utilities/pgfkeyslibraryfiltered
.code.tex
\pgfkeys@tmptoks=\toks37
))
\pgf@x=\dimen176
\pgf@y=\dimen177
\pgf@xa=\dimen178
\pgf@ya=\dimen179
\pgf@xb=\dimen180
\pgf@yb=\dimen181
\pgf@xc=\dimen182
\pgf@yc=\dimen183
\pgf@xd=\dimen184
\pgf@yd=\dimen185
\w@pgf@writea=\write3
\r@pgf@reada=\read3
\c@pgf@counta=\count293
\c@pgf@countb=\count294
\c@pgf@countc=\count295
\c@pgf@countd=\count296
\t@pgf@toka=\toks38
\t@pgf@tokb=\toks39
\t@pgf@tokc=\toks40
\pgf@sys@id@count=\count297
 (/usr/share/texlive/texmf-dist/tex/generic/pgf/systemlayer/pgf.cfg
File: pgf.cfg 2023-01-15 v3.1.10 (3.1.10)
)
Driver file for pgf: pgfsys-pdftex.def
(/usr/share/texlive/texmf-dist/tex/generic/pgf/systemlayer/pgfsys-pdftex.def
File: pgfsys-pdftex.def 2023-01-15 v3.1.10 (3.1.10)

(/usr/share/texlive/texmf-dist/tex/generic/pgf/systemlayer/pgfsys-common-pdf.de
f
File: pgfsys-common-pdf.def 2023-01-15 v3.1.10 (3.1.10)
)))
(/usr/share/texlive/texmf-dist/tex/generic/pgf/systemlayer/pgfsyssoftpath.code.
tex
File: pgfsyssoftpath.code.tex 2023-01-15 v3.1.10 (3.1.10)
\pgfsyssoftpath@smallbuffer@items=\count298
\pgfsyssoftpath@bigbuffer@items=\count299
)
(/usr/share/texlive/texmf-dist/tex/generic/pgf/systemlayer/pgfsysprotocol.code.
tex
File: pgfsysprotocol.code.tex 2023-01-15 v3.1.10 (3.1.10)
)) (/usr/share/texlive/texmf-dist/tex/latex/xcolor/xcolor.sty
Package: xcolor 2023/11/15 v3.01 LaTeX color extensions (UK)

(/usr/share/texlive/texmf-dist/tex/latex/graphics-cfg/color.cfg
File: color.cfg 2016/01/02 v1.6 sample color configuration
)
Package xcolor Info: Driver file: pdftex.def on input line 274.

(/usr/share/texlive/texmf-dist/tex/latex/graphics/mathcolor.ltx)
Package xcolor Info: Model `cmy' substituted by `cmy0' on input line 1350.
Package xcolor Info: Model `hsb' substituted by `rgb' on input line 1354.
Package xcolor Info: Model `RGB' extended on input line 1366.
Package xcolor Info: Model `HTML' substituted by `rgb' on input line 1368.
Package xcolor Info: Model `Hsb' substituted by `hsb' on input line 1369.
Package xcolor Info: Model `tHsb' substituted by `hsb' on input line 1370.
Package xcolor Info: Model `HSB' substituted by `hsb' on input line 1371.
Package xcolor Info: Model `Gray' substituted by `gray' on input line 1372.
Package xcolor Info: Model `wave' substituted by `hsb' on input line 1373.
)
(/usr/share/texlive/texmf-dist/tex/generic/pgf/basiclayer/pgfcore.code.tex
Package: pgfcore 2023-01-15 v3.1.10 (3.1.10)

(/usr/share/texlive/texmf-dist/tex/generic/pgf/math/pgfmath.code.tex
(/usr/share/texlive/texmf-dist/tex/generic/pgf/math/pgfmathutil.code.tex)
(/usr/share/texlive/texmf-dist/tex/generic/pgf/math/pgfmathparser.code.tex
\pgfmath@dimen=\dimen186
\pgfmath@count=\count300
\pgfmath@box=\box56
\pgfmath@toks=\toks41
\pgfmath@stack@operand=\toks42
\pgfmath@stack@operation=\toks43
)
(/usr/share/texlive/texmf-dist/tex/generic/pgf/math/pgfmathfunctions.code.tex)
(/usr/share/texlive/texmf-dist/tex/generic/pgf/math/pgfmathfunctions.basic.code
.tex)
(/usr/share/texlive/texmf-dist/tex/generic/pgf/math/pgfmathfunctions.trigonomet
ric.code.tex)
(/usr/share/texlive/texmf-dist/tex/generic/pgf/math/pgfmathfunctions.random.cod
e.tex)
(/usr/share/texlive/texmf-dist/tex/generic/pgf/math/pgfmathfunctions.comparison
.code.tex)
(/usr/share/texlive/texmf-dist/tex/generic/pgf/math/pgfmathfunctions.base.code.
tex)
(/usr/share/texlive/texmf-dist/tex/generic/pgf/math/pgfmathfunctions.round.code
.tex)
(/usr/share/texlive/texmf-dist/tex/generic/pgf/math/pgfmathfunctions.misc.code.
tex)
(/usr/share/texlive/texmf-dist/tex/generic/pgf/math/pgfmathfunctions.integerari
thmetics.code.tex)
(/usr/share/texlive/texmf-dist/tex/generic/pgf/math/pgfmathcalc.code.tex)
(/usr/share/texlive/texmf-dist/tex/generic/pgf/math/pgfmathfloat.code.tex
\c@pgfmathroundto@lastzeros=\count301
))
(/usr/share/texlive/texmf-dist/tex/generic/pgf/math/pgfint.code.tex)
(/usr/share/texlive/texmf-dist/tex/generic/pgf/basiclayer/pgfcorepoints.code.te
x
File: pgfcorepoints.code.tex 2023-01-15 v3.1.10 (3.1.10)
\pgf@picminx=\dimen187
\pgf@picmaxx=\dimen188
\pgf@picminy=\dimen189
\pgf@picmaxy=\dimen190
\pgf@pathminx=\dimen191
\pgf@pathmaxx=\dimen192
\pgf@pathminy=\dimen193
\pgf@pathmaxy=\dimen194
\pgf@xx=\dimen195
\pgf@xy=\dimen196
\pgf@yx=\dimen197
\pgf@yy=\dimen198
\pgf@zx=\dimen199
\pgf@zy=\dimen256
)
(/usr/share/texlive/texmf-dist/tex/generic/pgf/basiclayer/pgfcorepathconstruct.
code.tex
File: pgfcorepathconstruct.code.tex 2023-01-15 v3.1.10 (3.1.10)
\pgf@path@lastx=\dimen257
\pgf@path@lasty=\dimen258
)
(/usr/share/texlive/texmf-dist/tex/generic/pgf/basiclayer/pgfcorepathusage.code
.tex
File: pgfcorepathusage.code.tex 2023-01-15 v3.1.10 (3.1.10)
\pgf@shorten@end@additional=\dimen259
\pgf@shorten@start@additional=\dimen260
)
(/usr/share/texlive/texmf-dist/tex/generic/pgf/basiclayer/pgfcorescopes.code.te
x
File: pgfcorescopes.code.tex 2023-01-15 v3.1.10 (3.1.10)
\pgfpic=\box57
\pgf@hbox=\box58
\pgf@layerbox@main=\box59
\pgf@picture@serial@count=\count302
)
(/usr/share/texlive/texmf-dist/tex/generic/pgf/basiclayer/pgfcoregraphicstate.c
ode.tex
File: pgfcoregraphicstate.code.tex 2023-01-15 v3.1.10 (3.1.10)
\pgflinewidth=\dimen261
)
(/usr/share/texlive/texmf-dist/tex/generic/pgf/basiclayer/pgfcoretransformation
s.code.tex
File: pgfcoretransformations.code.tex 2023-01-15 v3.1.10 (3.1.10)
\pgf@pt@x=\dimen262
\pgf@pt@y=\dimen263
\pgf@pt@temp=\dimen264
)
(/usr/share/texlive/texmf-dist/tex/generic/pgf/basiclayer/pgfcorequick.code.tex
File: pgfcorequick.code.tex 2023-01-15 v3.1.10 (3.1.10)
)
(/usr/share/texlive/texmf-dist/tex/generic/pgf/basiclayer/pgfcoreobjects.code.t
ex
File: pgfcoreobjects.code.tex 2023-01-15 v3.1.10 (3.1.10)
)
(/usr/share/texlive/texmf-dist/tex/generic/pgf/basiclayer/pgfcorepathprocessing
.code.tex
File: pgfcorepathprocessing.code.tex 2023-01-15 v3.1.10 (3.1.10)
)
(/usr/share/texlive/texmf-dist/tex/generic/pgf/basiclayer/pgfcorearrows.code.te
x
File: pgfcorearrows.code.tex 2023-01-15 v3.1.10 (3.1.10)
\pgfarrowsep=\dimen265
)
(/usr/share/texlive/texmf-dist/tex/generic/pgf/basiclayer/pgfcoreshade.code.tex
File: pgfcoreshade.code.tex 2023-01-15 v3.1.10 (3.1.10)
\pgf@max=\dimen266
\pgf@sys@shading@range@num=\count303
\pgf@shadingcount=\count304
)
(/usr/share/texlive/texmf-dist/tex/generic/pgf/basiclayer/pgfcoreimage.code.tex
File: pgfcoreimage.code.tex 2023-01-15 v3.1.10 (3.1.10)
)
(/usr/share/texlive/texmf-dist/tex/generic/pgf/basiclayer/pgfcoreexternal.code.
tex
File: pgfcoreexternal.code.tex 2023-01-15 v3.1.10 (3.1.10)
\pgfexternal@startupbox=\box60
)
(/usr/share/texlive/texmf-dist/tex/generic/pgf/basiclayer/pgfcorelayers.code.te
x
File: pgfcorelayers.code.tex 2023-01-15 v3.1.10 (3.1.10)
)
(/usr/share/texlive/texmf-dist/tex/generic/pgf/basiclayer/pgfcoretransparency.c
ode.tex
File: pgfcoretransparency.code.tex 2023-01-15 v3.1.10 (3.1.10)
)
(/usr/share/texlive/texmf-dist/tex/generic/pgf/basiclayer/pgfcorepatterns.code.
tex
File: pgfcorepatterns.code.tex 2023-01-15 v3.1.10 (3.1.10)
)
(/usr/share/texlive/texmf-dist/tex/generic/pgf/basiclayer/pgfcorerdf.code.tex
File: pgfcorerdf.code.tex 2023-01-15 v3.1.10 (3.1.10)
)))
(/usr/share/texlive/texmf-dist/tex/generic/pgf/modules/pgfmoduleshapes.code.tex
File: pgfmoduleshapes.code.tex 2023-01-15 v3.1.10 (3.1.10)
\pgfnodeparttextbox=\box61
) (/usr/share/texlive/texmf-dist/tex/generic/pgf/modules/pgfmoduleplot.code.tex
File: pgfmoduleplot.code.tex 2023-01-15 v3.1.10 (3.1.10)
)
(/usr/share/texlive/texmf-dist/tex/latex/pgf/compatibility/pgfcomp-version-0-65
.sty
Package: pgfcomp-version-0-65 2023-01-15 v3.1.10 (3.1.10)
\pgf@nodesepstart=\dimen267
\pgf@nodesepend=\dimen268
)
(/usr/share/texlive/texmf-dist/tex/latex/pgf/compatibility/pgfcomp-version-1-18
.sty
Package: pgfcomp-version-1-18 2023-01-15 v3.1.10 (3.1.10)
)) (/usr/share/texlive/texmf-dist/tex/latex/pgf/utilities/pgffor.sty
(/usr/share/texlive/texmf-dist/tex/latex/pgf/utilities/pgfkeys.sty
(/usr/share/texlive/texmf-dist/tex/generic/pgf/utilities/pgfkeys.code.tex))
(/usr/share/texlive/texmf-dist/tex/latex/pgf/math/pgfmath.sty
(/usr/share/texlive/texmf-dist/tex/generic/pgf/math/pgfmath.code.tex))
(/usr/share/texlive/texmf-dist/tex/generic/pgf/utilities/pgffor.code.tex
Package: pgffor 2023-01-15 v3.1.10 (3.1.10)
\pgffor@iter=\dimen269
\pgffor@skip=\dimen270
\pgffor@stack=\toks44
\pgffor@toks=\toks45
))
(/usr/share/texlive/texmf-dist/tex/generic/pgf/frontendlayer/tikz/tikz.code.tex
Package: tikz 2023-01-15 v3.1.10 (3.1.10)

(/usr/share/texlive/texmf-dist/tex/generic/pgf/libraries/pgflibraryplothandlers
.code.tex
File: pgflibraryplothandlers.code.tex 2023-01-15 v3.1.10 (3.1.10)
\pgf@plot@mark@count=\count305
\pgfplotmarksize=\dimen271
)
\tikz@lastx=\dimen272
\tikz@lasty=\dimen273
\tikz@lastxsaved=\dimen274
\tikz@lastysaved=\dimen275
\tikz@lastmovetox=\dimen276
\tikz@lastmovetoy=\dimen277
\tikzleveldistance=\dimen278
\tikzsiblingdistance=\dimen279
\tikz@figbox=\box62
\tikz@figbox@bg=\box63
\tikz@tempbox=\box64
\tikz@tempbox@bg=\box65
\tikztreelevel=\count306
\tikznumberofchildren=\count307
\tikznumberofcurrentchild=\count308
\tikz@fig@count=\count309

(/usr/share/texlive/texmf-dist/tex/generic/pgf/modules/pgfmodulematrix.code.tex
File: pgfmodulematrix.code.tex 2023-01-15 v3.1.10 (3.1.10)
\pgfmatrixcurrentrow=\count310
\pgfmatrixcurrentcolumn=\count311
\pgf@matrix@numberofcolumns=\count312
)
\tikz@expandcount=\count313

(/usr/share/texlive/texmf-dist/tex/generic/pgf/frontendlayer/tikz/libraries/tik
zlibrarytopaths.code.tex
File: tikzlibrarytopaths.code.tex 2023-01-15 v3.1.10 (3.1.10)
)))
(/usr/share/texlive/texmf-dist/tex/latex/hyperref/hyperref.sty
Package: hyperref 2024-01-20 v7.01h Hypertext links for LaTeX

(/usr/share/texlive/texmf-dist/tex/latex/kvsetkeys/kvsetkeys.sty
Package: kvsetkeys 2022-10-05 v1.19 Key value parser (HO)
)
(/usr/share/texlive/texmf-dist/tex/generic/kvdefinekeys/kvdefinekeys.sty
Package: kvdefinekeys 2019-12-19 v1.6 Define keys (HO)
)
(/usr/share/texlive/texmf-dist/tex/generic/pdfescape/pdfescape.sty
Package: pdfescape 2019/12/09 v1.15 Implements pdfTeX's escape features (HO)

(/usr/share/texlive/texmf-dist/tex/generic/ltxcmds/ltxcmds.sty
Package: ltxcmds 2023-12-04 v1.26 LaTeX kernel commands for general use (HO)
)
(/usr/share/texlive/texmf-dist/tex/generic/pdftexcmds/pdftexcmds.sty
Package: pdftexcmds 2020-06-27 v0.33 Utility functions of pdfTeX for LuaTeX (HO
)

(/usr/share/texlive/texmf-dist/tex/generic/infwarerr/infwarerr.sty
Package: infwarerr 2019/12/03 v1.5 Providing info/warning/error messages (HO)
)
Package pdftexcmds Info: \pdf@primitive is available.
Package pdftexcmds Info: \pdf@ifprimitive is available.
Package pdftexcmds Info: \pdfdraftmode found.
))
(/usr/share/texlive/texmf-dist/tex/latex/hycolor/hycolor.sty
Package: hycolor 2020-01-27 v1.10 Color options for hyperref/bookmark (HO)
)
(/usr/share/texlive/texmf-dist/tex/latex/auxhook/auxhook.sty
Package: auxhook 2019-12-17 v1.6 Hooks for auxiliary files (HO)
)
(/usr/share/texlive/texmf-dist/tex/latex/hyperref/nameref.sty
Package: nameref 2023-11-26 v2.56 Cross-referencing by name of section

(/usr/share/texlive/texmf-dist/tex/latex/refcount/refcount.sty
Package: refcount 2019/12/15 v3.6 Data extraction from label references (HO)
)
(/usr/share/texlive/texmf-dist/tex/generic/gettitlestring/gettitlestring.sty
Package: gettitlestring 2019/12/15 v1.6 Cleanup title references (HO)

(/usr/share/texlive/texmf-dist/tex/latex/kvoptions/kvoptions.sty
Package: kvoptions 2022-06-15 v3.15 Key value format for package options (HO)
))
\c@section@level=\count314
)
(/usr/share/texlive/texmf-dist/tex/latex/etoolbox/etoolbox.sty
Package: etoolbox 2020/10/05 v2.5k e-TeX tools for LaTeX (JAW)
\etb@tempcnta=\count315
)
\@linkdim=\dimen280
\Hy@linkcounter=\count316
\Hy@pagecounter=\count317

(/usr/share/texlive/texmf-dist/tex/latex/hyperref/pd1enc.def
File: pd1enc.def 2024-01-20 v7.01h Hyperref: PDFDocEncoding definition (HO)
Now handling font encoding PD1 ...
... no UTF-8 mapping file for font encoding PD1
)
(/usr/share/texlive/texmf-dist/tex/generic/intcalc/intcalc.sty
Package: intcalc 2019/12/15 v1.3 Expandable calculations with integers (HO)
)
\Hy@SavedSpaceFactor=\count318

(/usr/share/texlive/texmf-dist/tex/latex/hyperref/puenc.def
File: puenc.def 2024-01-20 v7.01h Hyperref: PDF Unicode definition (HO)
Now handling font encoding PU ...
... no UTF-8 mapping file for font encoding PU
)
Package hyperref Info: Hyper figures OFF on input line 4179.
Package hyperref Info: Link nesting OFF on input line 4184.
Package hyperref Info: Hyper index ON on input line 4187.
Package hyperref Info: Plain pages OFF on input line 4194.
Package hyperref Info: Backreferencing OFF on input line 4199.
Package hyperref Info: Implicit mode ON; LaTeX internals redefined.
Package hyperref Info: Bookmarks ON on input line 4446.
\c@Hy@tempcnt=\count319

(/usr/share/texlive/texmf-dist/tex/latex/url/url.sty
\Urlmuskip=\muskip17
Package: url 2013/09/16  ver 3.4  Verb mode for urls, etc.
)
LaTeX Info: Redefining \url on input line 4784.
\XeTeXLinkMargin=\dimen281

(/usr/share/texlive/texmf-dist/tex/generic/bitset/bitset.sty
Package: bitset 2019/12/09 v1.3 Handle bit-vector datatype (HO)

(/usr/share/texlive/texmf-dist/tex/generic/bigintcalc/bigintcalc.sty
Package: bigintcalc 2019/12/15 v1.5 Expandable calculations on big integers (HO
)
))
\Fld@menulength=\count320
\Field@Width=\dimen282
\Fld@charsize=\dimen283
Package hyperref Info: Hyper figures OFF on input line 6063.
Package hyperref Info: Link nesting OFF on input line 6068.
Package hyperref Info: Hyper index ON on input line 6071.
Package hyperref Info: backreferencing OFF on input line 6078.
Package hyperref Info: Link coloring OFF on input line 6083.
Package hyperref Info: Link coloring with OCG OFF on input line 6088.
Package hyperref Info: PDF/A mode OFF on input line 6093.

(/usr/share/texlive/texmf-dist/tex/latex/base/atbegshi-ltx.sty
Package: atbegshi-ltx 2021/01/10 v1.0c Emulation of the original atbegshi
package with kernel methods
)
\Hy@abspage=\count321
\c@Item=\count322
\c@Hfootnote=\count323
)
Package hyperref Info: Driver (autodetected): hpdftex.

(/usr/share/texlive/texmf-dist/tex/latex/hyperref/hpdftex.def
File: hpdftex.def 2024-01-20 v7.01h Hyperref driver for pdfTeX

(/usr/share/texlive/texmf-dist/tex/latex/base/atveryend-ltx.sty
Package: atveryend-ltx 2020/08/19 v1.0a Emulation of the original atveryend pac
kage
with kernel methods
)
\Fld@listcount=\count324
\c@bookmark@seq@number=\count325

(/usr/share/texlive/texmf-dist/tex/latex/rerunfilecheck/rerunfilecheck.sty
Package: rerunfilecheck 2022-07-10 v1.10 Rerun checks for auxiliary files (HO)

(/usr/share/texlive/texmf-dist/tex/generic/uniquecounter/uniquecounter.sty
Package: uniquecounter 2019/12/15 v1.4 Provide unlimited unique counter (HO)
)
Package uniquecounter Info: New unique counter `rerunfilecheck' on input line 2
85.
)
\Hy@SectionHShift=\skip56
)
(/usr/share/texlive/texmf-dist/tex/latex/listings/lstlang1.sty
File: lstlang1.sty 2023/02/27 1.9 listings language file
)
(/usr/share/texlive/texmf-dist/tex/latex/l3backend/l3backend-pdftex.def
File: l3backend-pdftex.def 2024-01-04 L3 backend support: PDF output (pdfTeX)
\l__color_backend_stack_int=\count326
\l__pdf_internal_box=\box66
)
(./jalon-11.aux)
\openout1 = `jalon-11.aux'.

LaTeX Font Info:    Checking defaults for OML/cmm/m/it on input line 29.
LaTeX Font Info:    ... okay on input line 29.
LaTeX Font Info:    Checking defaults for OMS/cmsy/m/n on input line 29.
LaTeX Font Info:    ... okay on input line 29.
LaTeX Font Info:    Checking defaults for OT1/cmr/m/n on input line 29.
LaTeX Font Info:    ... okay on input line 29.
LaTeX Font Info:    Checking defaults for T1/cmr/m/n on input line 29.
LaTeX Font Info:    ... okay on input line 29.
LaTeX Font Info:    Checking defaults for TS1/cmr/m/n on input line 29.
LaTeX Font Info:    ... okay on input line 29.
LaTeX Font Info:    Checking defaults for OMX/cmex/m/n on input line 29.
LaTeX Font Info:    ... okay on input line 29.
LaTeX Font Info:    Checking defaults for U/cmr/m/n on input line 29.
LaTeX Font Info:    ... okay on input line 29.
LaTeX Font Info:    Checking defaults for PD1/pdf/m/n on input line 29.
LaTeX Font Info:    ... okay on input line 29.
LaTeX Font Info:    Checking defaults for PU/pdf/m/n on input line 29.
LaTeX Font Info:    ... okay on input line 29.
LaTeX Info: Redefining \degres on input line 29.
LaTeX Info: Redefining \up on input line 29.

*geometry* driver: auto-detecting
*geometry* detected driver: pdftex
*geometry* verbose mode - [ preamble ] result:
* driver: pdftex
* paper: a4paper
* layout: <same size as paper>
* layoutoffset:(h,v)=(0.0pt,0.0pt)
* modes:
* h-part:(L,W,R)=(71.13188pt, 455.24411pt, 71.13188pt)
* v-part:(T,H,B)=(71.13188pt, 702.78308pt, 71.13188pt)
* \paperwidth=597.50787pt
* \paperheight=845.04684pt
* \textwidth=455.24411pt
* \textheight=702.78308pt
* \oddsidemargin=-1.1381pt
* \evensidemargin=-1.1381pt
* \topmargin=-38.1381pt
* \headheight=12.0pt
* \headsep=25.0pt
* \topskip=12.0pt
* \footskip=30.0pt
* \marginparwidth=35.0pt
* \marginparsep=10.0pt
* \columnsep=10.0pt
* \skip\footins=10.8pt plus 4.0pt minus 2.0pt
* \hoffset=0.0pt
* \voffset=0.0pt
* \mag=1000
* \@twocolumnfalse
* \@twosidefalse
* \@mparswitchfalse
* \@reversemarginfalse
* (1in=72.27pt=25.4mm, 1cm=28.453pt)

\c@lstlisting=\count327
(/usr/share/texlive/texmf-dist/tex/context/base/mkii/supp-pdf.mkii
[Loading MPS to PDF converter (version 2006.09.02).]
\scratchcounter=\count328
\scratchdimen=\dimen284
\scratchbox=\box67
\nofMPsegments=\count329
\nofMParguments=\count330
\everyMPshowfont=\toks46
\MPscratchCnt=\count331
\MPscratchDim=\dimen285
\MPnumerator=\count332
\makeMPintoPDFobject=\count333
\everyMPtoPDFconversion=\toks47
) (/usr/share/texlive/texmf-dist/tex/latex/epstopdf-pkg/epstopdf-base.sty
Package: epstopdf-base 2020-01-24 v2.11 Base part for package epstopdf
Package epstopdf-base Info: Redefining graphics rule for `.eps' on input line 4
85.

(/usr/share/texlive/texmf-dist/tex/latex/latexconfig/epstopdf-sys.cfg
File: epstopdf-sys.cfg 2010/07/13 v1.3 Configuration of (r)epstopdf for TeX Liv
e
))
Package hyperref Info: Link coloring OFF on input line 29.

(./jalon-11.out) (./jalon-11.out)
\@outlinefile=\write4
\openout4 = `jalon-11.out'.

LaTeX Font Info:    Trying to load font information for U+msa on input line 32.


(/usr/share/texlive/texmf-dist/tex/latex/amsfonts/umsa.fd
File: umsa.fd 2013/01/14 v3.01 AMS symbols A
)
LaTeX Font Info:    Trying to load font information for U+msb on input line 32.


(/usr/share/texlive/texmf-dist/tex/latex/amsfonts/umsb.fd
File: umsb.fd 2013/01/14 v3.01 AMS symbols B
) (./jalon-11.toc
[1

{/var/lib/texmf/fonts/map/pdftex/updmap/pdftex.map}])
\tf@toc=\write5
\openout5 = `jalon-11.toc'.

 [2]
! Undefined control sequence.
l.111   \[ \forall (i, j) \in \llbracket
                                         1, n \rrbracket^2, \quad e_i^*(e_j)...
The control sequence at the end of the top line
of your error message was never \def'ed. If you have
misspelled it (e.g., `\hobx'), type `I' and the correct
spelling (e.g., `I\hbox'). Otherwise just continue,
and I'll forget about whatever was undefined.

! Undefined control sequence.
l.111 ...all (i, j) \in \llbracket 1, n \rrbracket
                                                  ^2, \quad e_i^*(e_j) = \de...
The control sequence at the end of the top line
of your error message was never \def'ed. If you have
misspelled it (e.g., `\hobx'), type `I' and the correct
spelling (e.g., `I\hbox'). Otherwise just continue,
and I'll forget about whatever was undefined.

[3] [4]
LaTeX Font Info:    Trying to load font information for T1+cmtt on input line 2
13.
 (/usr/share/texlive/texmf-dist/tex/latex/base/t1cmtt.fd
File: t1cmtt.fd 2023/04/13 v2.5m Standard LaTeX font definitions
) [5] [6]
[7] [8] [9]
Overfull \hbox (12.10097pt too wide) in paragraph at lines 592--597
[]$\U/msa/m/n/12 ^^D$ \T1/cmr/m/n/12 # Exer-cice 9 : In-d\xe9-pen-dance li-n\xe9aire
de formes li-n\xe9aires ## \xc9nonc\xe9 Soient $\OML/cmm/m/it/12 ^^^[]; [] ; ^^^[] \OMS/
cmsy/m/n/12 2
 []


Overfull \hbox (9.73416pt too wide) in paragraph at lines 605--609
[]\T1/cmr/bx/n/12 \xc9tape 1 : \T1/cmr/m/n/12 On d\xe9-fi-nit l'ap-pli-ca-tion li-n\xe9a
ire $\OT1/cmr/m/n/12 ^^H : \OML/cmm/m/it/12 E \OMS/cmsy/m/n/12 ! \U/msb/m/n/12
K[]$ \T1/cmr/m/n/12 par $\OT1/cmr/m/n/12 ^^H(\OML/cmm/m/it/12 x\OT1/cmr/m/n/12
) = (\OML/cmm/m/it/12 ^^^[]\OT1/cmr/m/n/12 (\OML/cmm/m/it/12 x\OT1/cmr/m/n/12 )
\OML/cmm/m/it/12 ; [] ; ^^^[]\OT1/cmr/m/n/12 (\OML/cmm/m/it/12 x\OT1/cmr/m/n/12
 ))$\T1/cmr/m/n/12 .
 []


Overfull \hbox (17.70595pt too wide) in paragraph at lines 651--655
[]\T1/cmr/bx/n/12 \xc9tape 3 : \T1/cmr/m/n/12 On in-tro-duit les po-ly-n\xf4mes in-te
r-po-la-teurs de La-grange $\OML/cmm/m/it/12 L[]\OT1/cmr/m/n/12 (\OML/cmm/m/it/
12 X\OT1/cmr/m/n/12 ) = [][] []$\T1/cmr/m/n/12 .
 []

[10]

! LaTeX Error: Environment Shaded undefined.

See the LaTeX manual or LaTeX Companion for explanation.
Type  H <return>  for immediate help.
 ...

l.688 \begin{Shaded}

Your command was ignored.
Type  I <command> <return>  to replace it with another command,
or  <return>  to continue without it.


! LaTeX Error: Environment Highlighting undefined.

See the LaTeX manual or LaTeX Companion for explanation.
Type  H <return>  for immediate help.
 ...

l.689 \begin{Highlighting}
                          []
Your command was ignored.
Type  I <command> <return>  to replace it with another command,
or  <return>  to continue without it.

! Undefined control sequence.
l.690 \KeywordTok
                 {def}\NormalTok{ apply\_linear\_form(form\_coeffs, vector):}
The control sequence at the end of the top line
of your error message was never \def'ed. If you have
misspelled it (e.g., `\hobx'), type `I' and the correct
spelling (e.g., `I\hbox'). Otherwise just continue,
and I'll forget about whatever was undefined.

! Undefined control sequence.
l.690 \KeywordTok{def}\NormalTok
                                { apply\_linear\_form(form\_coeffs, vector):}
The control sequence at the end of the top line
of your error message was never \def'ed. If you have
misspelled it (e.g., `\hobx'), type `I' and the correct
spelling (e.g., `I\hbox'). Otherwise just continue,
and I'll forget about whatever was undefined.

! Undefined control sequence.
l.691     \ControlFlowTok
                         {if} \BuiltInTok{len}\NormalTok{(form\_coeffs) }\Op...
The control sequence at the end of the top line
of your error message was never \def'ed. If you have
misspelled it (e.g., `\hobx'), type `I' and the correct
spelling (e.g., `I\hbox'). Otherwise just continue,
and I'll forget about whatever was undefined.

! Undefined control sequence.
l.691     \ControlFlowTok{if} \BuiltInTok
                                         {len}\NormalTok{(form\_coeffs) }\Op...
The control sequence at the end of the top line
of your error message was never \def'ed. If you have
misspelled it (e.g., `\hobx'), type `I' and the correct
spelling (e.g., `I\hbox'). Otherwise just continue,
and I'll forget about whatever was undefined.

! Undefined control sequence.
l.691 ...rolFlowTok{if} \BuiltInTok{len}\NormalTok
                                                  {(form\_coeffs) }\Operator...
The control sequence at the end of the top line
of your error message was never \def'ed. If you have
misspelled it (e.g., `\hobx'), type `I' and the correct
spelling (e.g., `I\hbox'). Otherwise just continue,
and I'll forget about whatever was undefined.

! Undefined control sequence.
l.691 ...n}\NormalTok{(form\_coeffs) }\OperatorTok
                                                  {!=} \BuiltInTok{len}\Norm...
The control sequence at the end of the top line
of your error message was never \def'ed. If you have
misspelled it (e.g., `\hobx'), type `I' and the correct
spelling (e.g., `I\hbox'). Otherwise just continue,
and I'll forget about whatever was undefined.

! Undefined control sequence.
l.691 ...rm\_coeffs) }\OperatorTok{!=} \BuiltInTok
                                                  {len}\NormalTok{(vector):}
The control sequence at the end of the top line
of your error message was never \def'ed. If you have
misspelled it (e.g., `\hobx'), type `I' and the correct
spelling (e.g., `I\hbox'). Otherwise just continue,
and I'll forget about whatever was undefined.

! Undefined control sequence.
l.691 ...peratorTok{!=} \BuiltInTok{len}\NormalTok
                                                  {(vector):}
The control sequence at the end of the top line
of your error message was never \def'ed. If you have
misspelled it (e.g., `\hobx'), type `I' and the correct
spelling (e.g., `I\hbox'). Otherwise just continue,
and I'll forget about whatever was undefined.

! Undefined control sequence.
l.692         \ControlFlowTok
                             {raise} \PreprocessorTok{ValueError}\NormalTok{...
The control sequence at the end of the top line
of your error message was never \def'ed. If you have
misspelled it (e.g., `\hobx'), type `I' and the correct
spelling (e.g., `I\hbox'). Otherwise just continue,
and I'll forget about whatever was undefined.

! Undefined control sequence.
l.692 ...  \ControlFlowTok{raise} \PreprocessorTok
                                                  {ValueError}\NormalTok{(}\...
The control sequence at the end of the top line
of your error message was never \def'ed. If you have
misspelled it (e.g., `\hobx'), type `I' and the correct
spelling (e.g., `I\hbox'). Otherwise just continue,
and I'll forget about whatever was undefined.

! Undefined control sequence.
l.692 ...e} \PreprocessorTok{ValueError}\NormalTok
                                                  {(}\StringTok{"Dimensions ...
The control sequence at the end of the top line
of your error message was never \def'ed. If you have
misspelled it (e.g., `\hobx'), type `I' and the correct
spelling (e.g., `I\hbox'). Otherwise just continue,
and I'll forget about whatever was undefined.

! Undefined control sequence.
l.692 ...sorTok{ValueError}\NormalTok{(}\StringTok
                                                  {"Dimensions mismatch"}\No...
The control sequence at the end of the top line
of your error message was never \def'ed. If you have
misspelled it (e.g., `\hobx'), type `I' and the correct
spelling (e.g., `I\hbox'). Otherwise just continue,
and I'll forget about whatever was undefined.

! Undefined control sequence.
l.692 ...tringTok{"Dimensions mismatch"}\NormalTok
                                                  {)}
The control sequence at the end of the top line
of your error message was never \def'ed. If you have
misspelled it (e.g., `\hobx'), type `I' and the correct
spelling (e.g., `I\hbox'). Otherwise just continue,
and I'll forget about whatever was undefined.

! Undefined control sequence.
l.694     \CommentTok
                     {\# Implémentation mathématique de la somme des produ...
The control sequence at the end of the top line
of your error message was never \def'ed. If you have
misspelled it (e.g., `\hobx'), type `I' and the correct
spelling (e.g., `I\hbox'). Otherwise just continue,
and I'll forget about whatever was undefined.

! Undefined control sequence.
l.695 \NormalTok
                {    resultat }\OperatorTok{=} \DecValTok{0}
The control sequence at the end of the top line
of your error message was never \def'ed. If you have
misspelled it (e.g., `\hobx'), type `I' and the correct
spelling (e.g., `I\hbox'). Otherwise just continue,
and I'll forget about whatever was undefined.

! Undefined control sequence.
l.695 \NormalTok{    resultat }\OperatorTok
                                           {=} \DecValTok{0}
The control sequence at the end of the top line
of your error message was never \def'ed. If you have
misspelled it (e.g., `\hobx'), type `I' and the correct
spelling (e.g., `I\hbox'). Otherwise just continue,
and I'll forget about whatever was undefined.

! Undefined control sequence.
l.695 ...{    resultat }\OperatorTok{=} \DecValTok
                                                  {0}
The control sequence at the end of the top line
of your error message was never \def'ed. If you have
misspelled it (e.g., `\hobx'), type `I' and the correct
spelling (e.g., `I\hbox'). Otherwise just continue,
and I'll forget about whatever was undefined.

! Undefined control sequence.
l.696     \ControlFlowTok
                         {for}\NormalTok{ i }\KeywordTok{in} \BuiltInTok{ran...
The control sequence at the end of the top line
of your error message was never \def'ed. If you have
misspelled it (e.g., `\hobx'), type `I' and the correct
spelling (e.g., `I\hbox'). Otherwise just continue,
and I'll forget about whatever was undefined.

! Undefined control sequence.
l.696     \ControlFlowTok{for}\NormalTok
                                        { i }\KeywordTok{in} \BuiltInTok{ran...
The control sequence at the end of the top line
of your error message was never \def'ed. If you have
misspelled it (e.g., `\hobx'), type `I' and the correct
spelling (e.g., `I\hbox'). Otherwise just continue,
and I'll forget about whatever was undefined.

! Undefined control sequence.
l.696 ...rolFlowTok{for}\NormalTok{ i }\KeywordTok
                                                  {in} \BuiltInTok{range}\No...
The control sequence at the end of the top line
of your error message was never \def'ed. If you have
misspelled it (e.g., `\hobx'), type `I' and the correct
spelling (e.g., `I\hbox'). Otherwise just continue,
and I'll forget about whatever was undefined.

! Undefined control sequence.
l.696 ...NormalTok{ i }\KeywordTok{in} \BuiltInTok
                                                  {range}\NormalTok{(}\Built...
The control sequence at the end of the top line
of your error message was never \def'ed. If you have
misspelled it (e.g., `\hobx'), type `I' and the correct
spelling (e.g., `I\hbox'). Otherwise just continue,
and I'll forget about whatever was undefined.

! Undefined control sequence.
l.696 ...ywordTok{in} \BuiltInTok{range}\NormalTok
                                                  {(}\BuiltInTok{len}\Normal...
The control sequence at the end of the top line
of your error message was never \def'ed. If you have
misspelled it (e.g., `\hobx'), type `I' and the correct
spelling (e.g., `I\hbox'). Otherwise just continue,
and I'll forget about whatever was undefined.

! Undefined control sequence.
l.696 ...BuiltInTok{range}\NormalTok{(}\BuiltInTok
                                                  {len}\NormalTok{(vector)):}
The control sequence at the end of the top line
of your error message was never \def'ed. If you have
misspelled it (e.g., `\hobx'), type `I' and the correct
spelling (e.g., `I\hbox'). Otherwise just continue,
and I'll forget about whatever was undefined.

! Undefined control sequence.
l.696 ...e}\NormalTok{(}\BuiltInTok{len}\NormalTok
                                                  {(vector)):}
The control sequence at the end of the top line
of your error message was never \def'ed. If you have
misspelled it (e.g., `\hobx'), type `I' and the correct
spelling (e.g., `I\hbox'). Otherwise just continue,
and I'll forget about whatever was undefined.

! Undefined control sequence.
l.697 \NormalTok
                {        resultat }\OperatorTok{+=}\NormalTok{ form\_coeffs[...
The control sequence at the end of the top line
of your error message was never \def'ed. If you have
misspelled it (e.g., `\hobx'), type `I' and the correct
spelling (e.g., `I\hbox'). Otherwise just continue,
and I'll forget about whatever was undefined.

! Undefined control sequence.
l.697 \NormalTok{        resultat }\OperatorTok
                                               {+=}\NormalTok{ form\_coeffs[...
The control sequence at the end of the top line
of your error message was never \def'ed. If you have
misspelled it (e.g., `\hobx'), type `I' and the correct
spelling (e.g., `I\hbox'). Otherwise just continue,
and I'll forget about whatever was undefined.

! Undefined control sequence.
l.697 ...     resultat }\OperatorTok{+=}\NormalTok
                                                  { form\_coeffs[i] }\Operat...
The control sequence at the end of the top line
of your error message was never \def'ed. If you have
misspelled it (e.g., `\hobx'), type `I' and the correct
spelling (e.g., `I\hbox'). Otherwise just continue,
and I'll forget about whatever was undefined.

! Undefined control sequence.
l.697 ...\NormalTok{ form\_coeffs[i] }\OperatorTok
                                                  {*}\NormalTok{ vector[i]}
The control sequence at the end of the top line
of your error message was never \def'ed. If you have
misspelled it (e.g., `\hobx'), type `I' and the correct
spelling (e.g., `I\hbox'). Otherwise just continue,
and I'll forget about whatever was undefined.

! Undefined control sequence.
l.697 ...orm\_coeffs[i] }\OperatorTok{*}\NormalTok
                                                  { vector[i]}
The control sequence at the end of the top line
of your error message was never \def'ed. If you have
misspelled it (e.g., `\hobx'), type `I' and the correct
spelling (e.g., `I\hbox'). Otherwise just continue,
and I'll forget about whatever was undefined.

! Undefined control sequence.
l.698     \ControlFlowTok
                         {return}\NormalTok{ resultat}
The control sequence at the end of the top line
of your error message was never \def'ed. If you have
misspelled it (e.g., `\hobx'), type `I' and the correct
spelling (e.g., `I\hbox'). Otherwise just continue,
and I'll forget about whatever was undefined.

! Undefined control sequence.
l.698     \ControlFlowTok{return}\NormalTok
                                           { resultat}
The control sequence at the end of the top line
of your error message was never \def'ed. If you have
misspelled it (e.g., `\hobx'), type `I' and the correct
spelling (e.g., `I\hbox'). Otherwise just continue,
and I'll forget about whatever was undefined.

! Undefined control sequence.
l.700 \CommentTok
                 {\# Validation avec un calcul manuel: 2(1) {-} 1(2) + 3(0) ...
The control sequence at the end of the top line
of your error message was never \def'ed. If you have
misspelled it (e.g., `\hobx'), type `I' and the correct
spelling (e.g., `I\hbox'). Otherwise just continue,
and I'll forget about whatever was undefined.

! Undefined control sequence.
l.701 \ControlFlowTok
                     {assert}\NormalTok{ apply\_linear\_form([}\DecValTok{2}...
The control sequence at the end of the top line
of your error message was never \def'ed. If you have
misspelled it (e.g., `\hobx'), type `I' and the correct
spelling (e.g., `I\hbox'). Otherwise just continue,
and I'll forget about whatever was undefined.

! Undefined control sequence.
l.701 \ControlFlowTok{assert}\NormalTok
                                       { apply\_linear\_form([}\DecValTok{2}...
The control sequence at the end of the top line
of your error message was never \def'ed. If you have
misspelled it (e.g., `\hobx'), type `I' and the correct
spelling (e.g., `I\hbox'). Otherwise just continue,
and I'll forget about whatever was undefined.

! Undefined control sequence.
l.701 ...rmalTok{ apply\_linear\_form([}\DecValTok
                                                  {2}\NormalTok{, }\Operator...
The control sequence at the end of the top line
of your error message was never \def'ed. If you have
misspelled it (e.g., `\hobx'), type `I' and the correct
spelling (e.g., `I\hbox'). Otherwise just continue,
and I'll forget about whatever was undefined.

! Undefined control sequence.
l.701 ...y\_linear\_form([}\DecValTok{2}\NormalTok
                                                  {, }\OperatorTok{{-}}\DecV...
The control sequence at the end of the top line
of your error message was never \def'ed. If you have
misspelled it (e.g., `\hobx'), type `I' and the correct
spelling (e.g., `I\hbox'). Otherwise just continue,
and I'll forget about whatever was undefined.

! Undefined control sequence.
l.701 ...[}\DecValTok{2}\NormalTok{, }\OperatorTok
                                                  {{-}}\DecValTok{1}\NormalT...
The control sequence at the end of the top line
of your error message was never \def'ed. If you have
misspelled it (e.g., `\hobx'), type `I' and the correct
spelling (e.g., `I\hbox'). Otherwise just continue,
and I'll forget about whatever was undefined.

! Undefined control sequence.
l.701 ...\NormalTok{, }\OperatorTok{{-}}\DecValTok
                                                  {1}\NormalTok{, }\DecValTo...
The control sequence at the end of the top line
of your error message was never \def'ed. If you have
misspelled it (e.g., `\hobx'), type `I' and the correct
spelling (e.g., `I\hbox'). Otherwise just continue,
and I'll forget about whatever was undefined.

! Undefined control sequence.
l.701 ...}\OperatorTok{{-}}\DecValTok{1}\NormalTok
                                                  {, }\DecValTok{3}\NormalTo...
The control sequence at the end of the top line
of your error message was never \def'ed. If you have
misspelled it (e.g., `\hobx'), type `I' and the correct
spelling (e.g., `I\hbox'). Otherwise just continue,
and I'll forget about whatever was undefined.

! Undefined control sequence.
l.701 ...{-}}\DecValTok{1}\NormalTok{, }\DecValTok
                                                  {3}\NormalTok{], [}\DecVal...
The control sequence at the end of the top line
of your error message was never \def'ed. If you have
misspelled it (e.g., `\hobx'), type `I' and the correct
spelling (e.g., `I\hbox'). Otherwise just continue,
and I'll forget about whatever was undefined.

! Undefined control sequence.
l.701 ...k{1}\NormalTok{, }\DecValTok{3}\NormalTok
                                                  {], [}\DecValTok{1}\Normal...
The control sequence at the end of the top line
of your error message was never \def'ed. If you have
misspelled it (e.g., `\hobx'), type `I' and the correct
spelling (e.g., `I\hbox'). Otherwise just continue,
and I'll forget about whatever was undefined.

! Undefined control sequence.
l.701 ... }\DecValTok{3}\NormalTok{], [}\DecValTok
                                                  {1}\NormalTok{, }\DecValTo...
The control sequence at the end of the top line
of your error message was never \def'ed. If you have
misspelled it (e.g., `\hobx'), type `I' and the correct
spelling (e.g., `I\hbox'). Otherwise just continue,
and I'll forget about whatever was undefined.

! Undefined control sequence.
l.701 ...3}\NormalTok{], [}\DecValTok{1}\NormalTok
                                                  {, }\DecValTok{2}\NormalTo...
The control sequence at the end of the top line
of your error message was never \def'ed. If you have
misspelled it (e.g., `\hobx'), type `I' and the correct
spelling (e.g., `I\hbox'). Otherwise just continue,
and I'll forget about whatever was undefined.

! Undefined control sequence.
l.701 ..., [}\DecValTok{1}\NormalTok{, }\DecValTok
                                                  {2}\NormalTok{, }\DecValTo...
The control sequence at the end of the top line
of your error message was never \def'ed. If you have
misspelled it (e.g., `\hobx'), type `I' and the correct
spelling (e.g., `I\hbox'). Otherwise just continue,
and I'll forget about whatever was undefined.

! Undefined control sequence.
l.701 ...k{1}\NormalTok{, }\DecValTok{2}\NormalTok
                                                  {, }\DecValTok{0}\NormalTo...
The control sequence at the end of the top line
of your error message was never \def'ed. If you have
misspelled it (e.g., `\hobx'), type `I' and the correct
spelling (e.g., `I\hbox'). Otherwise just continue,
and I'll forget about whatever was undefined.

! Undefined control sequence.
l.701 ...{, }\DecValTok{2}\NormalTok{, }\DecValTok
                                                  {0}\NormalTok{]) }\Operato...
The control sequence at the end of the top line
of your error message was never \def'ed. If you have
misspelled it (e.g., `\hobx'), type `I' and the correct
spelling (e.g., `I\hbox'). Otherwise just continue,
and I'll forget about whatever was undefined.

! Undefined control sequence.
l.701 ...k{2}\NormalTok{, }\DecValTok{0}\NormalTok
                                                  {]) }\OperatorTok{==} \Dec...
The control sequence at the end of the top line
of your error message was never \def'ed. If you have
misspelled it (e.g., `\hobx'), type `I' and the correct
spelling (e.g., `I\hbox'). Otherwise just continue,
and I'll forget about whatever was undefined.

! Undefined control sequence.
l.701 ...}\DecValTok{0}\NormalTok{]) }\OperatorTok
                                                  {==} \DecValTok{0}
The control sequence at the end of the top line
of your error message was never \def'ed. If you have
misspelled it (e.g., `\hobx'), type `I' and the correct
spelling (e.g., `I\hbox'). Otherwise just continue,
and I'll forget about whatever was undefined.

! Undefined control sequence.
l.701 ...NormalTok{]) }\OperatorTok{==} \DecValTok
                                                  {0}
The control sequence at the end of the top line
of your error message was never \def'ed. If you have
misspelled it (e.g., `\hobx'), type `I' and the correct
spelling (e.g., `I\hbox'). Otherwise just continue,
and I'll forget about whatever was undefined.

! Undefined control sequence.
l.702 \ControlFlowTok
                     {assert}\NormalTok{ apply\_linear\_form([}\DecValTok{1}...
The control sequence at the end of the top line
of your error message was never \def'ed. If you have
misspelled it (e.g., `\hobx'), type `I' and the correct
spelling (e.g., `I\hbox'). Otherwise just continue,
and I'll forget about whatever was undefined.

! Undefined control sequence.
l.702 \ControlFlowTok{assert}\NormalTok
                                       { apply\_linear\_form([}\DecValTok{1}...
The control sequence at the end of the top line
of your error message was never \def'ed. If you have
misspelled it (e.g., `\hobx'), type `I' and the correct
spelling (e.g., `I\hbox'). Otherwise just continue,
and I'll forget about whatever was undefined.

! Undefined control sequence.
l.702 ...rmalTok{ apply\_linear\_form([}\DecValTok
                                                  {1}\NormalTok{, }\DecValTo...
The control sequence at the end of the top line
of your error message was never \def'ed. If you have
misspelled it (e.g., `\hobx'), type `I' and the correct
spelling (e.g., `I\hbox'). Otherwise just continue,
and I'll forget about whatever was undefined.

! Undefined control sequence.
l.702 ...y\_linear\_form([}\DecValTok{1}\NormalTok
                                                  {, }\DecValTok{1}\NormalTo...
The control sequence at the end of the top line
of your error message was never \def'ed. If you have
misspelled it (e.g., `\hobx'), type `I' and the correct
spelling (e.g., `I\hbox'). Otherwise just continue,
and I'll forget about whatever was undefined.

! Undefined control sequence.
l.702 ...m([}\DecValTok{1}\NormalTok{, }\DecValTok
                                                  {1}\NormalTok{], [}\DecVal...
The control sequence at the end of the top line
of your error message was never \def'ed. If you have
misspelled it (e.g., `\hobx'), type `I' and the correct
spelling (e.g., `I\hbox'). Otherwise just continue,
and I'll forget about whatever was undefined.

! Undefined control sequence.
l.702 ...k{1}\NormalTok{, }\DecValTok{1}\NormalTok
                                                  {], [}\DecValTok{3}\Normal...
The control sequence at the end of the top line
of your error message was never \def'ed. If you have
misspelled it (e.g., `\hobx'), type `I' and the correct
spelling (e.g., `I\hbox'). Otherwise just continue,
and I'll forget about whatever was undefined.

! Undefined control sequence.
l.702 ... }\DecValTok{1}\NormalTok{], [}\DecValTok
                                                  {3}\NormalTok{, }\DecValTo...
The control sequence at the end of the top line
of your error message was never \def'ed. If you have
misspelled it (e.g., `\hobx'), type `I' and the correct
spelling (e.g., `I\hbox'). Otherwise just continue,
and I'll forget about whatever was undefined.

! Undefined control sequence.
l.702 ...1}\NormalTok{], [}\DecValTok{3}\NormalTok
                                                  {, }\DecValTok{4}\NormalTo...
The control sequence at the end of the top line
of your error message was never \def'ed. If you have
misspelled it (e.g., `\hobx'), type `I' and the correct
spelling (e.g., `I\hbox'). Otherwise just continue,
and I'll forget about whatever was undefined.

! Undefined control sequence.
l.702 ..., [}\DecValTok{3}\NormalTok{, }\DecValTok
                                                  {4}\NormalTok{]) }\Operato...
The control sequence at the end of the top line
of your error message was never \def'ed. If you have
misspelled it (e.g., `\hobx'), type `I' and the correct
spelling (e.g., `I\hbox'). Otherwise just continue,
and I'll forget about whatever was undefined.

! Undefined control sequence.
l.702 ...k{3}\NormalTok{, }\DecValTok{4}\NormalTok
                                                  {]) }\OperatorTok{==} \Dec...
The control sequence at the end of the top line
of your error message was never \def'ed. If you have
misspelled it (e.g., `\hobx'), type `I' and the correct
spelling (e.g., `I\hbox'). Otherwise just continue,
and I'll forget about whatever was undefined.

! Undefined control sequence.
l.702 ...}\DecValTok{4}\NormalTok{]) }\OperatorTok
                                                  {==} \DecValTok{7}
The control sequence at the end of the top line
of your error message was never \def'ed. If you have
misspelled it (e.g., `\hobx'), type `I' and the correct
spelling (e.g., `I\hbox'). Otherwise just continue,
and I'll forget about whatever was undefined.

! Undefined control sequence.
l.702 ...NormalTok{]) }\OperatorTok{==} \DecValTok
                                                  {7}
The control sequence at the end of the top line
of your error message was never \def'ed. If you have
misspelled it (e.g., `\hobx'), type `I' and the correct
spelling (e.g., `I\hbox'). Otherwise just continue,
and I'll forget about whatever was undefined.


! LaTeX Error: \begin{document} ended by \end{Highlighting}.

See the LaTeX manual or LaTeX Companion for explanation.
Type  H <return>  for immediate help.
 ...

l.703 \end{Highlighting}

Your command was ignored.
Type  I <command> <return>  to replace it with another command,
or  <return>  to continue without it.


! LaTeX Error: \begin{document} ended by \end{Shaded}.

See the LaTeX manual or LaTeX Companion for explanation.
Type  H <return>  for immediate help.
 ...

l.704 \end{Shaded}

Your command was ignored.
Type  I <command> <return>  to replace it with another command,
or  <return>  to continue without it.


Overfull \hbox (4.98619pt too wide) in paragraph at lines 700--705
[]\T1/cmr/m/n/12 # Va-li-da-tion avec un cal-cul ma-nuel : 2(1) - 1(2) + 3(0) =
 0 as-sert ap-ply_linear_form([2,
 []


! LaTeX Error: Environment Shaded undefined.

See the LaTeX manual or LaTeX Companion for explanation.
Type  H <return>  for immediate help.
 ...

l.724 \begin{Shaded}

Your command was ignored.
Type  I <command> <return>  to replace it with another command,
or  <return>  to continue without it.


! LaTeX Error: Environment Highlighting undefined.

See the LaTeX manual or LaTeX Companion for explanation.
Type  H <return>  for immediate help.
 ...

l.725 \begin{Highlighting}
                          []
Your command was ignored.
Type  I <command> <return>  to replace it with another command,
or  <return>  to continue without it.

! Undefined control sequence.
l.726 \KeywordTok
                 {def}\NormalTok{ hyperplane\_equation\_from\_normal(normal\...
The control sequence at the end of the top line
of your error message was never \def'ed. If you have
misspelled it (e.g., `\hobx'), type `I' and the correct
spelling (e.g., `I\hbox'). Otherwise just continue,
and I'll forget about whatever was undefined.

! Undefined control sequence.
l.726 \KeywordTok{def}\NormalTok
                                { hyperplane\_equation\_from\_normal(normal\...
The control sequence at the end of the top line
of your error message was never \def'ed. If you have
misspelled it (e.g., `\hobx'), type `I' and the correct
spelling (e.g., `I\hbox'). Otherwise just continue,
and I'll forget about whatever was undefined.

! Undefined control sequence.
l.727     \CommentTok
                     {\# L\textquotesingle{}équation de l\textquotesingle{}...
The control sequence at the end of the top line
of your error message was never \def'ed. If you have
misspelled it (e.g., `\hobx'), type `I' and the correct
spelling (e.g., `I\hbox'). Otherwise just continue,
and I'll forget about whatever was undefined.

! Undefined control sequence.
l.728     \CommentTok
                     {\# Pour trouver d, on évalue la forme linéaire sur l...
The control sequence at the end of the top line
of your error message was never \def'ed. If you have
misspelled it (e.g., `\hobx'), type `I' and the correct
spelling (e.g., `I\hbox'). Otherwise just continue,
and I'll forget about whatever was undefined.

! Undefined control sequence.
l.729 \NormalTok
                {    d }\OperatorTok{=} \DecValTok{0}
The control sequence at the end of the top line
of your error message was never \def'ed. If you have
misspelled it (e.g., `\hobx'), type `I' and the correct
spelling (e.g., `I\hbox'). Otherwise just continue,
and I'll forget about whatever was undefined.

! Undefined control sequence.
l.729 \NormalTok{    d }\OperatorTok
                                    {=} \DecValTok{0}
The control sequence at the end of the top line
of your error message was never \def'ed. If you have
misspelled it (e.g., `\hobx'), type `I' and the correct
spelling (e.g., `I\hbox'). Otherwise just continue,
and I'll forget about whatever was undefined.

! Undefined control sequence.
l.729 \NormalTok{    d }\OperatorTok{=} \DecValTok
                                                  {0}
The control sequence at the end of the top line
of your error message was never \def'ed. If you have
misspelled it (e.g., `\hobx'), type `I' and the correct
spelling (e.g., `I\hbox'). Otherwise just continue,
and I'll forget about whatever was undefined.

! Undefined control sequence.
l.730     \ControlFlowTok
                         {for}\NormalTok{ i }\KeywordTok{in} \BuiltInTok{ran...
The control sequence at the end of the top line
of your error message was never \def'ed. If you have
misspelled it (e.g., `\hobx'), type `I' and the correct
spelling (e.g., `I\hbox'). Otherwise just continue,
and I'll forget about whatever was undefined.

! Undefined control sequence.
l.730     \ControlFlowTok{for}\NormalTok
                                        { i }\KeywordTok{in} \BuiltInTok{ran...
The control sequence at the end of the top line
of your error message was never \def'ed. If you have
misspelled it (e.g., `\hobx'), type `I' and the correct
spelling (e.g., `I\hbox'). Otherwise just continue,
and I'll forget about whatever was undefined.

! Undefined control sequence.
l.730 ...rolFlowTok{for}\NormalTok{ i }\KeywordTok
                                                  {in} \BuiltInTok{range}\No...
The control sequence at the end of the top line
of your error message was never \def'ed. If you have
misspelled it (e.g., `\hobx'), type `I' and the correct
spelling (e.g., `I\hbox'). Otherwise just continue,
and I'll forget about whatever was undefined.

! Undefined control sequence.
l.730 ...NormalTok{ i }\KeywordTok{in} \BuiltInTok
                                                  {range}\NormalTok{(}\Built...
The control sequence at the end of the top line
of your error message was never \def'ed. If you have
misspelled it (e.g., `\hobx'), type `I' and the correct
spelling (e.g., `I\hbox'). Otherwise just continue,
and I'll forget about whatever was undefined.

! Undefined control sequence.
l.730 ...ywordTok{in} \BuiltInTok{range}\NormalTok
                                                  {(}\BuiltInTok{len}\Normal...
The control sequence at the end of the top line
of your error message was never \def'ed. If you have
misspelled it (e.g., `\hobx'), type `I' and the correct
spelling (e.g., `I\hbox'). Otherwise just continue,
and I'll forget about whatever was undefined.

! Undefined control sequence.
l.730 ...BuiltInTok{range}\NormalTok{(}\BuiltInTok
                                                  {len}\NormalTok{(normal\_v...
The control sequence at the end of the top line
of your error message was never \def'ed. If you have
misspelled it (e.g., `\hobx'), type `I' and the correct
spelling (e.g., `I\hbox'). Otherwise just continue,
and I'll forget about whatever was undefined.

! Undefined control sequence.
l.730 ...e}\NormalTok{(}\BuiltInTok{len}\NormalTok
                                                  {(normal\_vector)):}
The control sequence at the end of the top line
of your error message was never \def'ed. If you have
misspelled it (e.g., `\hobx'), type `I' and the correct
spelling (e.g., `I\hbox'). Otherwise just continue,
and I'll forget about whatever was undefined.

! Undefined control sequence.
l.731 \NormalTok
                {        d }\OperatorTok{+=}\NormalTok{ normal\_vector[i] }\...
The control sequence at the end of the top line
of your error message was never \def'ed. If you have
misspelled it (e.g., `\hobx'), type `I' and the correct
spelling (e.g., `I\hbox'). Otherwise just continue,
and I'll forget about whatever was undefined.

! Undefined control sequence.
l.731 \NormalTok{        d }\OperatorTok
                                        {+=}\NormalTok{ normal\_vector[i] }\...
The control sequence at the end of the top line
of your error message was never \def'ed. If you have
misspelled it (e.g., `\hobx'), type `I' and the correct
spelling (e.g., `I\hbox'). Otherwise just continue,
and I'll forget about whatever was undefined.

! Undefined control sequence.
l.731 ...Tok{        d }\OperatorTok{+=}\NormalTok
                                                  { normal\_vector[i] }\Oper...
The control sequence at the end of the top line
of your error message was never \def'ed. If you have
misspelled it (e.g., `\hobx'), type `I' and the correct
spelling (e.g., `I\hbox'). Otherwise just continue,
and I'll forget about whatever was undefined.

! Undefined control sequence.
l.731 ...ormalTok{ normal\_vector[i] }\OperatorTok
                                                  {*}\NormalTok{ point\_on\_...
The control sequence at the end of the top line
of your error message was never \def'ed. If you have
misspelled it (e.g., `\hobx'), type `I' and the correct
spelling (e.g., `I\hbox'). Otherwise just continue,
and I'll forget about whatever was undefined.

! Undefined control sequence.
l.731 ...mal\_vector[i] }\OperatorTok{*}\NormalTok
                                                  { point\_on\_plane[i]}
The control sequence at the end of the top line
of your error message was never \def'ed. If you have
misspelled it (e.g., `\hobx'), type `I' and the correct
spelling (e.g., `I\hbox'). Otherwise just continue,
and I'll forget about whatever was undefined.

! Undefined control sequence.
l.732     \ControlFlowTok
                         {return}\NormalTok{ normal\_vector, d}
The control sequence at the end of the top line
of your error message was never \def'ed. If you have
misspelled it (e.g., `\hobx'), type `I' and the correct
spelling (e.g., `I\hbox'). Otherwise just continue,
and I'll forget about whatever was undefined.

! Undefined control sequence.
l.732     \ControlFlowTok{return}\NormalTok
                                           { normal\_vector, d}
The control sequence at the end of the top line
of your error message was never \def'ed. If you have
misspelled it (e.g., `\hobx'), type `I' and the correct
spelling (e.g., `I\hbox'). Otherwise just continue,
and I'll forget about whatever was undefined.


Overfull \hbox (28.84267pt too wide) in paragraph at lines 725--733
[]\T1/cmr/m/n/12 [] def hy-per-plane_equation_from_normal(normal_vector, point_
on_plane) : # L\TS1/cmr/m/n/12 '\T1/cmr/m/n/12 \xe9quation
 []

[11]
! Undefined control sequence.
l.734 \NormalTok
                {normal, constante\_d }\OperatorTok{=}\NormalTok{ hyperplane...
The control sequence at the end of the top line
of your error message was never \def'ed. If you have
misspelled it (e.g., `\hobx'), type `I' and the correct
spelling (e.g., `I\hbox'). Otherwise just continue,
and I'll forget about whatever was undefined.

! Undefined control sequence.
l.734 ...malTok{normal, constante\_d }\OperatorTok
                                                  {=}\NormalTok{ hyperplane\...
The control sequence at the end of the top line
of your error message was never \def'ed. If you have
misspelled it (e.g., `\hobx'), type `I' and the correct
spelling (e.g., `I\hbox'). Otherwise just continue,
and I'll forget about whatever was undefined.

! Undefined control sequence.
l.734 ..., constante\_d }\OperatorTok{=}\NormalTok
                                                  { hyperplane\_equation\_fr...
The control sequence at the end of the top line
of your error message was never \def'ed. If you have
misspelled it (e.g., `\hobx'), type `I' and the correct
spelling (e.g., `I\hbox'). Otherwise just continue,
and I'll forget about whatever was undefined.

! Undefined control sequence.
l.734 ...lane\_equation\_from\_normal([}\DecValTok
                                                  {1}\NormalTok{, }\Operator...
The control sequence at the end of the top line
of your error message was never \def'ed. If you have
misspelled it (e.g., `\hobx'), type `I' and the correct
spelling (e.g., `I\hbox'). Otherwise just continue,
and I'll forget about whatever was undefined.

! Undefined control sequence.
l.734 ...n\_from\_normal([}\DecValTok{1}\NormalTok
                                                  {, }\OperatorTok{{-}}\DecV...
The control sequence at the end of the top line
of your error message was never \def'ed. If you have
misspelled it (e.g., `\hobx'), type `I' and the correct
spelling (e.g., `I\hbox'). Otherwise just continue,
and I'll forget about whatever was undefined.

! Undefined control sequence.
l.734 ...[}\DecValTok{1}\NormalTok{, }\OperatorTok
                                                  {{-}}\DecValTok{1}\NormalT...
The control sequence at the end of the top line
of your error message was never \def'ed. If you have
misspelled it (e.g., `\hobx'), type `I' and the correct
spelling (e.g., `I\hbox'). Otherwise just continue,
and I'll forget about whatever was undefined.

! Undefined control sequence.
l.734 ...\NormalTok{, }\OperatorTok{{-}}\DecValTok
                                                  {1}\NormalTok{, }\DecValTo...
The control sequence at the end of the top line
of your error message was never \def'ed. If you have
misspelled it (e.g., `\hobx'), type `I' and the correct
spelling (e.g., `I\hbox'). Otherwise just continue,
and I'll forget about whatever was undefined.

! Undefined control sequence.
l.734 ...}\OperatorTok{{-}}\DecValTok{1}\NormalTok
                                                  {, }\DecValTok{2}\NormalTo...
The control sequence at the end of the top line
of your error message was never \def'ed. If you have
misspelled it (e.g., `\hobx'), type `I' and the correct
spelling (e.g., `I\hbox'). Otherwise just continue,
and I'll forget about whatever was undefined.

! Undefined control sequence.
l.734 ...{-}}\DecValTok{1}\NormalTok{, }\DecValTok
                                                  {2}\NormalTok{], [}\DecVal...
The control sequence at the end of the top line
of your error message was never \def'ed. If you have
misspelled it (e.g., `\hobx'), type `I' and the correct
spelling (e.g., `I\hbox'). Otherwise just continue,
and I'll forget about whatever was undefined.

! Undefined control sequence.
l.734 ...k{1}\NormalTok{, }\DecValTok{2}\NormalTok
                                                  {], [}\DecValTok{1}\Normal...
The control sequence at the end of the top line
of your error message was never \def'ed. If you have
misspelled it (e.g., `\hobx'), type `I' and the correct
spelling (e.g., `I\hbox'). Otherwise just continue,
and I'll forget about whatever was undefined.

! Undefined control sequence.
l.734 ... }\DecValTok{2}\NormalTok{], [}\DecValTok
                                                  {1}\NormalTok{, }\DecValTo...
The control sequence at the end of the top line
of your error message was never \def'ed. If you have
misspelled it (e.g., `\hobx'), type `I' and the correct
spelling (e.g., `I\hbox'). Otherwise just continue,
and I'll forget about whatever was undefined.

! Undefined control sequence.
l.734 ...2}\NormalTok{], [}\DecValTok{1}\NormalTok
                                                  {, }\DecValTok{1}\NormalTo...
The control sequence at the end of the top line
of your error message was never \def'ed. If you have
misspelled it (e.g., `\hobx'), type `I' and the correct
spelling (e.g., `I\hbox'). Otherwise just continue,
and I'll forget about whatever was undefined.

! Undefined control sequence.
l.734 ..., [}\DecValTok{1}\NormalTok{, }\DecValTok
                                                  {1}\NormalTok{, }\DecValTo...
The control sequence at the end of the top line
of your error message was never \def'ed. If you have
misspelled it (e.g., `\hobx'), type `I' and the correct
spelling (e.g., `I\hbox'). Otherwise just continue,
and I'll forget about whatever was undefined.

! Undefined control sequence.
l.734 ...k{1}\NormalTok{, }\DecValTok{1}\NormalTok
                                                  {, }\DecValTok{1}\NormalTo...
The control sequence at the end of the top line
of your error message was never \def'ed. If you have
misspelled it (e.g., `\hobx'), type `I' and the correct
spelling (e.g., `I\hbox'). Otherwise just continue,
and I'll forget about whatever was undefined.

! Undefined control sequence.
l.734 ...{, }\DecValTok{1}\NormalTok{, }\DecValTok
                                                  {1}\NormalTok{])}
The control sequence at the end of the top line
of your error message was never \def'ed. If you have
misspelled it (e.g., `\hobx'), type `I' and the correct
spelling (e.g., `I\hbox'). Otherwise just continue,
and I'll forget about whatever was undefined.

! Undefined control sequence.
l.734 ...k{1}\NormalTok{, }\DecValTok{1}\NormalTok
                                                  {])}
The control sequence at the end of the top line
of your error message was never \def'ed. If you have
misspelled it (e.g., `\hobx'), type `I' and the correct
spelling (e.g., `I\hbox'). Otherwise just continue,
and I'll forget about whatever was undefined.

! Undefined control sequence.
l.735 \CommentTok
                 {\# Calcul formel: 1(1) {-} 1(1) + 2(1) = 2}
The control sequence at the end of the top line
of your error message was never \def'ed. If you have
misspelled it (e.g., `\hobx'), type `I' and the correct
spelling (e.g., `I\hbox'). Otherwise just continue,
and I'll forget about whatever was undefined.

! Undefined control sequence.
l.736 \ControlFlowTok
                     {assert}\NormalTok{ normal }\OperatorTok{==}\NormalTok{...
The control sequence at the end of the top line
of your error message was never \def'ed. If you have
misspelled it (e.g., `\hobx'), type `I' and the correct
spelling (e.g., `I\hbox'). Otherwise just continue,
and I'll forget about whatever was undefined.

! Undefined control sequence.
l.736 \ControlFlowTok{assert}\NormalTok
                                       { normal }\OperatorTok{==}\NormalTok{...
The control sequence at the end of the top line
of your error message was never \def'ed. If you have
misspelled it (e.g., `\hobx'), type `I' and the correct
spelling (e.g., `I\hbox'). Otherwise just continue,
and I'll forget about whatever was undefined.

! Undefined control sequence.
l.736 ...k{assert}\NormalTok{ normal }\OperatorTok
                                                  {==}\NormalTok{ [}\DecValT...
The control sequence at the end of the top line
of your error message was never \def'ed. If you have
misspelled it (e.g., `\hobx'), type `I' and the correct
spelling (e.g., `I\hbox'). Otherwise just continue,
and I'll forget about whatever was undefined.

! Undefined control sequence.
l.736 ...alTok{ normal }\OperatorTok{==}\NormalTok
                                                  { [}\DecValTok{1}\NormalTo...
The control sequence at the end of the top line
of your error message was never \def'ed. If you have
misspelled it (e.g., `\hobx'), type `I' and the correct
spelling (e.g., `I\hbox'). Otherwise just continue,
and I'll forget about whatever was undefined.

! Undefined control sequence.
l.736 ...}\OperatorTok{==}\NormalTok{ [}\DecValTok
                                                  {1}\NormalTok{, }\Operator...
The control sequence at the end of the top line
of your error message was never \def'ed. If you have
misspelled it (e.g., `\hobx'), type `I' and the correct
spelling (e.g., `I\hbox'). Otherwise just continue,
and I'll forget about whatever was undefined.

! Undefined control sequence.
l.736 ...{==}\NormalTok{ [}\DecValTok{1}\NormalTok
                                                  {, }\OperatorTok{{-}}\DecV...
The control sequence at the end of the top line
of your error message was never \def'ed. If you have
misspelled it (e.g., `\hobx'), type `I' and the correct
spelling (e.g., `I\hbox'). Otherwise just continue,
and I'll forget about whatever was undefined.

! Undefined control sequence.
l.736 ...[}\DecValTok{1}\NormalTok{, }\OperatorTok
                                                  {{-}}\DecValTok{1}\NormalT...
The control sequence at the end of the top line
of your error message was never \def'ed. If you have
misspelled it (e.g., `\hobx'), type `I' and the correct
spelling (e.g., `I\hbox'). Otherwise just continue,
and I'll forget about whatever was undefined.

! Undefined control sequence.
l.736 ...\NormalTok{, }\OperatorTok{{-}}\DecValTok
                                                  {1}\NormalTok{, }\DecValTo...
The control sequence at the end of the top line
of your error message was never \def'ed. If you have
misspelled it (e.g., `\hobx'), type `I' and the correct
spelling (e.g., `I\hbox'). Otherwise just continue,
and I'll forget about whatever was undefined.

! Undefined control sequence.
l.736 ...}\OperatorTok{{-}}\DecValTok{1}\NormalTok
                                                  {, }\DecValTok{2}\NormalTo...
The control sequence at the end of the top line
of your error message was never \def'ed. If you have
misspelled it (e.g., `\hobx'), type `I' and the correct
spelling (e.g., `I\hbox'). Otherwise just continue,
and I'll forget about whatever was undefined.

! Undefined control sequence.
l.736 ...{-}}\DecValTok{1}\NormalTok{, }\DecValTok
                                                  {2}\NormalTok{]}
The control sequence at the end of the top line
of your error message was never \def'ed. If you have
misspelled it (e.g., `\hobx'), type `I' and the correct
spelling (e.g., `I\hbox'). Otherwise just continue,
and I'll forget about whatever was undefined.

! Undefined control sequence.
l.736 ...k{1}\NormalTok{, }\DecValTok{2}\NormalTok
                                                  {]}
The control sequence at the end of the top line
of your error message was never \def'ed. If you have
misspelled it (e.g., `\hobx'), type `I' and the correct
spelling (e.g., `I\hbox'). Otherwise just continue,
and I'll forget about whatever was undefined.

! Undefined control sequence.
l.737 \ControlFlowTok
                     {assert}\NormalTok{ constante\_d }\OperatorTok{==} \Dec...
The control sequence at the end of the top line
of your error message was never \def'ed. If you have
misspelled it (e.g., `\hobx'), type `I' and the correct
spelling (e.g., `I\hbox'). Otherwise just continue,
and I'll forget about whatever was undefined.

! Undefined control sequence.
l.737 \ControlFlowTok{assert}\NormalTok
                                       { constante\_d }\OperatorTok{==} \Dec...
The control sequence at the end of the top line
of your error message was never \def'ed. If you have
misspelled it (e.g., `\hobx'), type `I' and the correct
spelling (e.g., `I\hbox'). Otherwise just continue,
and I'll forget about whatever was undefined.

! Undefined control sequence.
l.737 ...rt}\NormalTok{ constante\_d }\OperatorTok
                                                  {==} \DecValTok{2}
The control sequence at the end of the top line
of your error message was never \def'ed. If you have
misspelled it (e.g., `\hobx'), type `I' and the correct
spelling (e.g., `I\hbox'). Otherwise just continue,
and I'll forget about whatever was undefined.

! Undefined control sequence.
l.737 ...constante\_d }\OperatorTok{==} \DecValTok
                                                  {2}
The control sequence at the end of the top line
of your error message was never \def'ed. If you have
misspelled it (e.g., `\hobx'), type `I' and the correct
spelling (e.g., `I\hbox'). Otherwise just continue,
and I'll forget about whatever was undefined.


! LaTeX Error: \begin{document} ended by \end{Highlighting}.

See the LaTeX manual or LaTeX Companion for explanation.
Type  H <return>  for immediate help.
 ...

l.738 \end{Highlighting}

Your command was ignored.
Type  I <command> <return>  to replace it with another command,
or  <return>  to continue without it.


! LaTeX Error: \begin{document} ended by \end{Shaded}.

See the LaTeX manual or LaTeX Companion for explanation.
Type  H <return>  for immediate help.
 ...

l.739 \end{Shaded}

Your command was ignored.
Type  I <command> <return>  to replace it with another command,
or  <return>  to continue without it.


! LaTeX Error: Environment Shaded undefined.

See the LaTeX manual or LaTeX Companion for explanation.
Type  H <return>  for immediate help.
 ...

l.758 \begin{Shaded}

Your command was ignored.
Type  I <command> <return>  to replace it with another command,
or  <return>  to continue without it.


! LaTeX Error: Environment Highlighting undefined.

See the LaTeX manual or LaTeX Companion for explanation.
Type  H <return>  for immediate help.
 ...

l.759 \begin{Highlighting}
                          []
Your command was ignored.
Type  I <command> <return>  to replace it with another command,
or  <return>  to continue without it.

! Undefined control sequence.
l.760 \KeywordTok
                 {def}\NormalTok{ find\_hyperplane\_basis\_3d(coeffs):}
The control sequence at the end of the top line
of your error message was never \def'ed. If you have
misspelled it (e.g., `\hobx'), type `I' and the correct
spelling (e.g., `I\hbox'). Otherwise just continue,
and I'll forget about whatever was undefined.

! Undefined control sequence.
l.760 \KeywordTok{def}\NormalTok
                                { find\_hyperplane\_basis\_3d(coeffs):}
The control sequence at the end of the top line
of your error message was never \def'ed. If you have
misspelled it (e.g., `\hobx'), type `I' and the correct
spelling (e.g., `I\hbox'). Otherwise just continue,
and I'll forget about whatever was undefined.

! Undefined control sequence.
l.761 \NormalTok
                {    a, b, c }\OperatorTok{=}\NormalTok{ coeffs}
The control sequence at the end of the top line
of your error message was never \def'ed. If you have
misspelled it (e.g., `\hobx'), type `I' and the correct
spelling (e.g., `I\hbox'). Otherwise just continue,
and I'll forget about whatever was undefined.

! Undefined control sequence.
l.761 \NormalTok{    a, b, c }\OperatorTok
                                          {=}\NormalTok{ coeffs}
The control sequence at the end of the top line
of your error message was never \def'ed. If you have
misspelled it (e.g., `\hobx'), type `I' and the correct
spelling (e.g., `I\hbox'). Otherwise just continue,
and I'll forget about whatever was undefined.

! Undefined control sequence.
l.761 ...ok{    a, b, c }\OperatorTok{=}\NormalTok
                                                  { coeffs}
The control sequence at the end of the top line
of your error message was never \def'ed. If you have
misspelled it (e.g., `\hobx'), type `I' and the correct
spelling (e.g., `I\hbox'). Otherwise just continue,
and I'll forget about whatever was undefined.

! Undefined control sequence.
l.762     \CommentTok
                     {\# Recherche systématique d\textquotesingle{}une base...
The control sequence at the end of the top line
of your error message was never \def'ed. If you have
misspelled it (e.g., `\hobx'), type `I' and the correct
spelling (e.g., `I\hbox'). Otherwise just continue,
and I'll forget about whatever was undefined.

! Undefined control sequence.
l.763     \ControlFlowTok
                         {if}\NormalTok{ a }\OperatorTok{!=} \DecValTok{0}\N...
The control sequence at the end of the top line
of your error message was never \def'ed. If you have
misspelled it (e.g., `\hobx'), type `I' and the correct
spelling (e.g., `I\hbox'). Otherwise just continue,
and I'll forget about whatever was undefined.

! Undefined control sequence.
l.763     \ControlFlowTok{if}\NormalTok
                                       { a }\OperatorTok{!=} \DecValTok{0}\N...
The control sequence at the end of the top line
of your error message was never \def'ed. If you have
misspelled it (e.g., `\hobx'), type `I' and the correct
spelling (e.g., `I\hbox'). Otherwise just continue,
and I'll forget about whatever was undefined.

! Undefined control sequence.
l.763 ...rolFlowTok{if}\NormalTok{ a }\OperatorTok
                                                  {!=} \DecValTok{0}\NormalT...
The control sequence at the end of the top line
of your error message was never \def'ed. If you have
misspelled it (e.g., `\hobx'), type `I' and the correct
spelling (e.g., `I\hbox'). Otherwise just continue,
and I'll forget about whatever was undefined.

! Undefined control sequence.
l.763 ...NormalTok{ a }\OperatorTok{!=} \DecValTok
                                                  {0}\NormalTok{:}
The control sequence at the end of the top line
of your error message was never \def'ed. If you have
misspelled it (e.g., `\hobx'), type `I' and the correct
spelling (e.g., `I\hbox'). Otherwise just continue,
and I'll forget about whatever was undefined.

! Undefined control sequence.
l.763 ...}\OperatorTok{!=} \DecValTok{0}\NormalTok
                                                  {:}
The control sequence at the end of the top line
of your error message was never \def'ed. If you have
misspelled it (e.g., `\hobx'), type `I' and the correct
spelling (e.g., `I\hbox'). Otherwise just continue,
and I'll forget about whatever was undefined.

! Undefined control sequence.
l.764         \CommentTok
                         {\# On exprime x en fonction de y et z: x = ({-}b/a...
The control sequence at the end of the top line
of your error message was never \def'ed. If you have
misspelled it (e.g., `\hobx'), type `I' and the correct
spelling (e.g., `I\hbox'). Otherwise just continue,
and I'll forget about whatever was undefined.

! Undefined control sequence.
l.765         \ControlFlowTok
                             {return}\NormalTok{ [(}\OperatorTok{{-}}\Normal...
The control sequence at the end of the top line
of your error message was never \def'ed. If you have
misspelled it (e.g., `\hobx'), type `I' and the correct
spelling (e.g., `I\hbox'). Otherwise just continue,
and I'll forget about whatever was undefined.

! Undefined control sequence.
l.765         \ControlFlowTok{return}\NormalTok
                                               { [(}\OperatorTok{{-}}\Normal...
The control sequence at the end of the top line
of your error message was never \def'ed. If you have
misspelled it (e.g., `\hobx'), type `I' and the correct
spelling (e.g., `I\hbox'). Otherwise just continue,
and I'll forget about whatever was undefined.

! Undefined control sequence.
l.765 ...lowTok{return}\NormalTok{ [(}\OperatorTok
                                                  {{-}}\NormalTok{b}\Operato...
The control sequence at the end of the top line
of your error message was never \def'ed. If you have
misspelled it (e.g., `\hobx'), type `I' and the correct
spelling (e.g., `I\hbox'). Otherwise just continue,
and I'll forget about whatever was undefined.

! Undefined control sequence.
l.765 ...NormalTok{ [(}\OperatorTok{{-}}\NormalTok
                                                  {b}\OperatorTok{/}\NormalT...
The control sequence at the end of the top line
of your error message was never \def'ed. If you have
misspelled it (e.g., `\hobx'), type `I' and the correct
spelling (e.g., `I\hbox'). Otherwise just continue,
and I'll forget about whatever was undefined.

! Undefined control sequence.
l.765 ...OperatorTok{{-}}\NormalTok{b}\OperatorTok
                                                  {/}\NormalTok{a, }\DecValT...
The control sequence at the end of the top line
of your error message was never \def'ed. If you have
misspelled it (e.g., `\hobx'), type `I' and the correct
spelling (e.g., `I\hbox'). Otherwise just continue,
and I'll forget about whatever was undefined.

! Undefined control sequence.
l.765 ...-}}\NormalTok{b}\OperatorTok{/}\NormalTok
                                                  {a, }\DecValTok{1}\NormalT...
The control sequence at the end of the top line
of your error message was never \def'ed. If you have
misspelled it (e.g., `\hobx'), type `I' and the correct
spelling (e.g., `I\hbox'). Otherwise just continue,
and I'll forget about whatever was undefined.

! Undefined control sequence.
l.765 ...}\OperatorTok{/}\NormalTok{a, }\DecValTok
                                                  {1}\NormalTok{, }\DecValTo...
The control sequence at the end of the top line
of your error message was never \def'ed. If you have
misspelled it (e.g., `\hobx'), type `I' and the correct
spelling (e.g., `I\hbox'). Otherwise just continue,
and I'll forget about whatever was undefined.

! Undefined control sequence.
l.765 ...{/}\NormalTok{a, }\DecValTok{1}\NormalTok
                                                  {, }\DecValTok{0}\NormalTo...
The control sequence at the end of the top line
of your error message was never \def'ed. If you have
misspelled it (e.g., `\hobx'), type `I' and the correct
spelling (e.g., `I\hbox'). Otherwise just continue,
and I'll forget about whatever was undefined.

! Undefined control sequence.
l.765 ...a, }\DecValTok{1}\NormalTok{, }\DecValTok
                                                  {0}\NormalTok{), (}\Operat...
The control sequence at the end of the top line
of your error message was never \def'ed. If you have
misspelled it (e.g., `\hobx'), type `I' and the correct
spelling (e.g., `I\hbox'). Otherwise just continue,
and I'll forget about whatever was undefined.

! Undefined control sequence.
l.765 ...k{1}\NormalTok{, }\DecValTok{0}\NormalTok
                                                  {), (}\OperatorTok{{-}}\No...
The control sequence at the end of the top line
of your error message was never \def'ed. If you have
misspelled it (e.g., `\hobx'), type `I' and the correct
spelling (e.g., `I\hbox'). Otherwise just continue,
and I'll forget about whatever was undefined.

! Undefined control sequence.
l.765 ...\DecValTok{0}\NormalTok{), (}\OperatorTok
                                                  {{-}}\NormalTok{c}\Operato...
The control sequence at the end of the top line
of your error message was never \def'ed. If you have
misspelled it (e.g., `\hobx'), type `I' and the correct
spelling (e.g., `I\hbox'). Otherwise just continue,
and I'll forget about whatever was undefined.

! Undefined control sequence.
l.765 ...ormalTok{), (}\OperatorTok{{-}}\NormalTok
                                                  {c}\OperatorTok{/}\NormalT...
The control sequence at the end of the top line
of your error message was never \def'ed. If you have
misspelled it (e.g., `\hobx'), type `I' and the correct
spelling (e.g., `I\hbox'). Otherwise just continue,
and I'll forget about whatever was undefined.

! Undefined control sequence.
l.765 ...OperatorTok{{-}}\NormalTok{c}\OperatorTok
                                                  {/}\NormalTok{a, }\DecValT...
The control sequence at the end of the top line
of your error message was never \def'ed. If you have
misspelled it (e.g., `\hobx'), type `I' and the correct
spelling (e.g., `I\hbox'). Otherwise just continue,
and I'll forget about whatever was undefined.

! Undefined control sequence.
l.765 ...-}}\NormalTok{c}\OperatorTok{/}\NormalTok
                                                  {a, }\DecValTok{0}\NormalT...
The control sequence at the end of the top line
of your error message was never \def'ed. If you have
misspelled it (e.g., `\hobx'), type `I' and the correct
spelling (e.g., `I\hbox'). Otherwise just continue,
and I'll forget about whatever was undefined.

! Undefined control sequence.
l.765 ...}\OperatorTok{/}\NormalTok{a, }\DecValTok
                                                  {0}\NormalTok{, }\DecValTo...
The control sequence at the end of the top line
of your error message was never \def'ed. If you have
misspelled it (e.g., `\hobx'), type `I' and the correct
spelling (e.g., `I\hbox'). Otherwise just continue,
and I'll forget about whatever was undefined.

! Undefined control sequence.
l.765 ...{/}\NormalTok{a, }\DecValTok{0}\NormalTok
                                                  {, }\DecValTok{1}\NormalTo...
The control sequence at the end of the top line
of your error message was never \def'ed. If you have
misspelled it (e.g., `\hobx'), type `I' and the correct
spelling (e.g., `I\hbox'). Otherwise just continue,
and I'll forget about whatever was undefined.

! Undefined control sequence.
l.765 ...a, }\DecValTok{0}\NormalTok{, }\DecValTok
                                                  {1}\NormalTok{)]}
The control sequence at the end of the top line
of your error message was never \def'ed. If you have
misspelled it (e.g., `\hobx'), type `I' and the correct
spelling (e.g., `I\hbox'). Otherwise just continue,
and I'll forget about whatever was undefined.

! Undefined control sequence.
l.765 ...k{0}\NormalTok{, }\DecValTok{1}\NormalTok
                                                  {)]}
The control sequence at the end of the top line
of your error message was never \def'ed. If you have
misspelled it (e.g., `\hobx'), type `I' and the correct
spelling (e.g., `I\hbox'). Otherwise just continue,
and I'll forget about whatever was undefined.

! Undefined control sequence.
l.766     \ControlFlowTok
                         {elif}\NormalTok{ b }\OperatorTok{!=} \DecValTok{0}...
The control sequence at the end of the top line
of your error message was never \def'ed. If you have
misspelled it (e.g., `\hobx'), type `I' and the correct
spelling (e.g., `I\hbox'). Otherwise just continue,
and I'll forget about whatever was undefined.

! Undefined control sequence.
l.766     \ControlFlowTok{elif}\NormalTok
                                         { b }\OperatorTok{!=} \DecValTok{0}...
The control sequence at the end of the top line
of your error message was never \def'ed. If you have
misspelled it (e.g., `\hobx'), type `I' and the correct
spelling (e.g., `I\hbox'). Otherwise just continue,
and I'll forget about whatever was undefined.

! Undefined control sequence.
l.766 ...lFlowTok{elif}\NormalTok{ b }\OperatorTok
                                                  {!=} \DecValTok{0}\NormalT...
The control sequence at the end of the top line
of your error message was never \def'ed. If you have
misspelled it (e.g., `\hobx'), type `I' and the correct
spelling (e.g., `I\hbox'). Otherwise just continue,
and I'll forget about whatever was undefined.

! Undefined control sequence.
l.766 ...NormalTok{ b }\OperatorTok{!=} \DecValTok
                                                  {0}\NormalTok{:}
The control sequence at the end of the top line
of your error message was never \def'ed. If you have
misspelled it (e.g., `\hobx'), type `I' and the correct
spelling (e.g., `I\hbox'). Otherwise just continue,
and I'll forget about whatever was undefined.

! Undefined control sequence.
l.766 ...}\OperatorTok{!=} \DecValTok{0}\NormalTok
                                                  {:}
The control sequence at the end of the top line
of your error message was never \def'ed. If you have
misspelled it (e.g., `\hobx'), type `I' and the correct
spelling (e.g., `I\hbox'). Otherwise just continue,
and I'll forget about whatever was undefined.

! Undefined control sequence.
l.767         \ControlFlowTok
                             {return}\NormalTok{ [(}\DecValTok{1}\NormalTok{...
The control sequence at the end of the top line
of your error message was never \def'ed. If you have
misspelled it (e.g., `\hobx'), type `I' and the correct
spelling (e.g., `I\hbox'). Otherwise just continue,
and I'll forget about whatever was undefined.

! Undefined control sequence.
l.767         \ControlFlowTok{return}\NormalTok
                                               { [(}\DecValTok{1}\NormalTok{...
The control sequence at the end of the top line
of your error message was never \def'ed. If you have
misspelled it (e.g., `\hobx'), type `I' and the correct
spelling (e.g., `I\hbox'). Otherwise just continue,
and I'll forget about whatever was undefined.

! Undefined control sequence.
l.767 ...lFlowTok{return}\NormalTok{ [(}\DecValTok
                                                  {1}\NormalTok{, }\Operator...
The control sequence at the end of the top line
of your error message was never \def'ed. If you have
misspelled it (e.g., `\hobx'), type `I' and the correct
spelling (e.g., `I\hbox'). Otherwise just continue,
and I'll forget about whatever was undefined.

! Undefined control sequence.
l.767 ...rn}\NormalTok{ [(}\DecValTok{1}\NormalTok
                                                  {, }\OperatorTok{{-}}\Norm...
The control sequence at the end of the top line
of your error message was never \def'ed. If you have
misspelled it (e.g., `\hobx'), type `I' and the correct
spelling (e.g., `I\hbox'). Otherwise just continue,
and I'll forget about whatever was undefined.

! Undefined control sequence.
l.767 ...(}\DecValTok{1}\NormalTok{, }\OperatorTok
                                                  {{-}}\NormalTok{a}\Operato...
The control sequence at the end of the top line
of your error message was never \def'ed. If you have
misspelled it (e.g., `\hobx'), type `I' and the correct
spelling (e.g., `I\hbox'). Otherwise just continue,
and I'll forget about whatever was undefined.

! Undefined control sequence.
l.767 ...\NormalTok{, }\OperatorTok{{-}}\NormalTok
                                                  {a}\OperatorTok{/}\NormalT...
The control sequence at the end of the top line
of your error message was never \def'ed. If you have
misspelled it (e.g., `\hobx'), type `I' and the correct
spelling (e.g., `I\hbox'). Otherwise just continue,
and I'll forget about whatever was undefined.

! Undefined control sequence.
l.767 ...OperatorTok{{-}}\NormalTok{a}\OperatorTok
                                                  {/}\NormalTok{b, }\DecValT...
The control sequence at the end of the top line
of your error message was never \def'ed. If you have
misspelled it (e.g., `\hobx'), type `I' and the correct
spelling (e.g., `I\hbox'). Otherwise just continue,
and I'll forget about whatever was undefined.

! Undefined control sequence.
l.767 ...-}}\NormalTok{a}\OperatorTok{/}\NormalTok
                                                  {b, }\DecValTok{0}\NormalT...
The control sequence at the end of the top line
of your error message was never \def'ed. If you have
misspelled it (e.g., `\hobx'), type `I' and the correct
spelling (e.g., `I\hbox'). Otherwise just continue,
and I'll forget about whatever was undefined.

! Undefined control sequence.
l.767 ...}\OperatorTok{/}\NormalTok{b, }\DecValTok
                                                  {0}\NormalTok{), (}\DecVal...
The control sequence at the end of the top line
of your error message was never \def'ed. If you have
misspelled it (e.g., `\hobx'), type `I' and the correct
spelling (e.g., `I\hbox'). Otherwise just continue,
and I'll forget about whatever was undefined.

! Undefined control sequence.
l.767 ...{/}\NormalTok{b, }\DecValTok{0}\NormalTok
                                                  {), (}\DecValTok{0}\Normal...
The control sequence at the end of the top line
of your error message was never \def'ed. If you have
misspelled it (e.g., `\hobx'), type `I' and the correct
spelling (e.g., `I\hbox'). Otherwise just continue,
and I'll forget about whatever was undefined.

! Undefined control sequence.
l.767 ... }\DecValTok{0}\NormalTok{), (}\DecValTok
                                                  {0}\NormalTok{, }\Operator...
The control sequence at the end of the top line
of your error message was never \def'ed. If you have
misspelled it (e.g., `\hobx'), type `I' and the correct
spelling (e.g., `I\hbox'). Otherwise just continue,
and I'll forget about whatever was undefined.

! Undefined control sequence.
l.767 ...0}\NormalTok{), (}\DecValTok{0}\NormalTok
                                                  {, }\OperatorTok{{-}}\Norm...
The control sequence at the end of the top line
of your error message was never \def'ed. If you have
misspelled it (e.g., `\hobx'), type `I' and the correct
spelling (e.g., `I\hbox'). Otherwise just continue,
and I'll forget about whatever was undefined.

! Undefined control sequence.
l.767 ...(}\DecValTok{0}\NormalTok{, }\OperatorTok
                                                  {{-}}\NormalTok{c}\Operato...
The control sequence at the end of the top line
of your error message was never \def'ed. If you have
misspelled it (e.g., `\hobx'), type `I' and the correct
spelling (e.g., `I\hbox'). Otherwise just continue,
and I'll forget about whatever was undefined.

! Undefined control sequence.
l.767 ...\NormalTok{, }\OperatorTok{{-}}\NormalTok
                                                  {c}\OperatorTok{/}\NormalT...
The control sequence at the end of the top line
of your error message was never \def'ed. If you have
misspelled it (e.g., `\hobx'), type `I' and the correct
spelling (e.g., `I\hbox'). Otherwise just continue,
and I'll forget about whatever was undefined.

! Undefined control sequence.
l.767 ...OperatorTok{{-}}\NormalTok{c}\OperatorTok
                                                  {/}\NormalTok{b, }\DecValT...
The control sequence at the end of the top line
of your error message was never \def'ed. If you have
misspelled it (e.g., `\hobx'), type `I' and the correct
spelling (e.g., `I\hbox'). Otherwise just continue,
and I'll forget about whatever was undefined.

! Undefined control sequence.
l.767 ...-}}\NormalTok{c}\OperatorTok{/}\NormalTok
                                                  {b, }\DecValTok{1}\NormalT...
The control sequence at the end of the top line
of your error message was never \def'ed. If you have
misspelled it (e.g., `\hobx'), type `I' and the correct
spelling (e.g., `I\hbox'). Otherwise just continue,
and I'll forget about whatever was undefined.

! Undefined control sequence.
l.767 ...}\OperatorTok{/}\NormalTok{b, }\DecValTok
                                                  {1}\NormalTok{)]}
The control sequence at the end of the top line
of your error message was never \def'ed. If you have
misspelled it (e.g., `\hobx'), type `I' and the correct
spelling (e.g., `I\hbox'). Otherwise just continue,
and I'll forget about whatever was undefined.

! Undefined control sequence.
l.767 ...{/}\NormalTok{b, }\DecValTok{1}\NormalTok
                                                  {)]}
The control sequence at the end of the top line
of your error message was never \def'ed. If you have
misspelled it (e.g., `\hobx'), type `I' and the correct
spelling (e.g., `I\hbox'). Otherwise just continue,
and I'll forget about whatever was undefined.

! Undefined control sequence.
l.768     \ControlFlowTok
                         {elif}\NormalTok{ c }\OperatorTok{!=} \DecValTok{0}...
The control sequence at the end of the top line
of your error message was never \def'ed. If you have
misspelled it (e.g., `\hobx'), type `I' and the correct
spelling (e.g., `I\hbox'). Otherwise just continue,
and I'll forget about whatever was undefined.

! Undefined control sequence.
l.768     \ControlFlowTok{elif}\NormalTok
                                         { c }\OperatorTok{!=} \DecValTok{0}...
The control sequence at the end of the top line
of your error message was never \def'ed. If you have
misspelled it (e.g., `\hobx'), type `I' and the correct
spelling (e.g., `I\hbox'). Otherwise just continue,
and I'll forget about whatever was undefined.

! Undefined control sequence.
l.768 ...lFlowTok{elif}\NormalTok{ c }\OperatorTok
                                                  {!=} \DecValTok{0}\NormalT...
The control sequence at the end of the top line
of your error message was never \def'ed. If you have
misspelled it (e.g., `\hobx'), type `I' and the correct
spelling (e.g., `I\hbox'). Otherwise just continue,
and I'll forget about whatever was undefined.

! Undefined control sequence.
l.768 ...NormalTok{ c }\OperatorTok{!=} \DecValTok
                                                  {0}\NormalTok{:}
The control sequence at the end of the top line
of your error message was never \def'ed. If you have
misspelled it (e.g., `\hobx'), type `I' and the correct
spelling (e.g., `I\hbox'). Otherwise just continue,
and I'll forget about whatever was undefined.

! Undefined control sequence.
l.768 ...}\OperatorTok{!=} \DecValTok{0}\NormalTok
                                                  {:}
The control sequence at the end of the top line
of your error message was never \def'ed. If you have
misspelled it (e.g., `\hobx'), type `I' and the correct
spelling (e.g., `I\hbox'). Otherwise just continue,
and I'll forget about whatever was undefined.

! Undefined control sequence.
l.769         \ControlFlowTok
                             {return}\NormalTok{ [(}\DecValTok{1}\NormalTok{...
The control sequence at the end of the top line
of your error message was never \def'ed. If you have
misspelled it (e.g., `\hobx'), type `I' and the correct
spelling (e.g., `I\hbox'). Otherwise just continue,
and I'll forget about whatever was undefined.

! Undefined control sequence.
l.769         \ControlFlowTok{return}\NormalTok
                                               { [(}\DecValTok{1}\NormalTok{...
The control sequence at the end of the top line
of your error message was never \def'ed. If you have
misspelled it (e.g., `\hobx'), type `I' and the correct
spelling (e.g., `I\hbox'). Otherwise just continue,
and I'll forget about whatever was undefined.

! Undefined control sequence.
l.769 ...lFlowTok{return}\NormalTok{ [(}\DecValTok
                                                  {1}\NormalTok{, }\DecValTo...
The control sequence at the end of the top line
of your error message was never \def'ed. If you have
misspelled it (e.g., `\hobx'), type `I' and the correct
spelling (e.g., `I\hbox'). Otherwise just continue,
and I'll forget about whatever was undefined.

! Undefined control sequence.
l.769 ...rn}\NormalTok{ [(}\DecValTok{1}\NormalTok
                                                  {, }\DecValTok{0}\NormalTo...
The control sequence at the end of the top line
of your error message was never \def'ed. If you have
misspelled it (e.g., `\hobx'), type `I' and the correct
spelling (e.g., `I\hbox'). Otherwise just continue,
and I'll forget about whatever was undefined.

! Undefined control sequence.
l.769 ... [(}\DecValTok{1}\NormalTok{, }\DecValTok
                                                  {0}\NormalTok{, }\Operator...
The control sequence at the end of the top line
of your error message was never \def'ed. If you have
misspelled it (e.g., `\hobx'), type `I' and the correct
spelling (e.g., `I\hbox'). Otherwise just continue,
and I'll forget about whatever was undefined.

! Undefined control sequence.
l.769 ...k{1}\NormalTok{, }\DecValTok{0}\NormalTok
                                                  {, }\OperatorTok{{-}}\Norm...
The control sequence at the end of the top line
of your error message was never \def'ed. If you have
misspelled it (e.g., `\hobx'), type `I' and the correct
spelling (e.g., `I\hbox'). Otherwise just continue,
and I'll forget about whatever was undefined.

! Undefined control sequence.
l.769 ... }\DecValTok{0}\NormalTok{, }\OperatorTok
                                                  {{-}}\NormalTok{a}\Operato...
The control sequence at the end of the top line
of your error message was never \def'ed. If you have
misspelled it (e.g., `\hobx'), type `I' and the correct
spelling (e.g., `I\hbox'). Otherwise just continue,
and I'll forget about whatever was undefined.

! Undefined control sequence.
l.769 ...\NormalTok{, }\OperatorTok{{-}}\NormalTok
                                                  {a}\OperatorTok{/}\NormalT...
The control sequence at the end of the top line
of your error message was never \def'ed. If you have
misspelled it (e.g., `\hobx'), type `I' and the correct
spelling (e.g., `I\hbox'). Otherwise just continue,
and I'll forget about whatever was undefined.

! Undefined control sequence.
l.769 ...OperatorTok{{-}}\NormalTok{a}\OperatorTok
                                                  {/}\NormalTok{c), (}\DecVa...
The control sequence at the end of the top line
of your error message was never \def'ed. If you have
misspelled it (e.g., `\hobx'), type `I' and the correct
spelling (e.g., `I\hbox'). Otherwise just continue,
and I'll forget about whatever was undefined.

! Undefined control sequence.
l.769 ...-}}\NormalTok{a}\OperatorTok{/}\NormalTok
                                                  {c), (}\DecValTok{0}\Norma...
The control sequence at the end of the top line
of your error message was never \def'ed. If you have
misspelled it (e.g., `\hobx'), type `I' and the correct
spelling (e.g., `I\hbox'). Otherwise just continue,
and I'll forget about whatever was undefined.

! Undefined control sequence.
l.769 ...OperatorTok{/}\NormalTok{c), (}\DecValTok
                                                  {0}\NormalTok{, }\DecValTo...
The control sequence at the end of the top line
of your error message was never \def'ed. If you have
misspelled it (e.g., `\hobx'), type `I' and the correct
spelling (e.g., `I\hbox'). Otherwise just continue,
and I'll forget about whatever was undefined.

! Undefined control sequence.
l.769 ...}\NormalTok{c), (}\DecValTok{0}\NormalTok
                                                  {, }\DecValTok{1}\NormalTo...
The control sequence at the end of the top line
of your error message was never \def'ed. If you have
misspelled it (e.g., `\hobx'), type `I' and the correct
spelling (e.g., `I\hbox'). Otherwise just continue,
and I'll forget about whatever was undefined.

! Undefined control sequence.
l.769 ..., (}\DecValTok{0}\NormalTok{, }\DecValTok
                                                  {1}\NormalTok{, }\Operator...
The control sequence at the end of the top line
of your error message was never \def'ed. If you have
misspelled it (e.g., `\hobx'), type `I' and the correct
spelling (e.g., `I\hbox'). Otherwise just continue,
and I'll forget about whatever was undefined.

! Undefined control sequence.
l.769 ...k{0}\NormalTok{, }\DecValTok{1}\NormalTok
                                                  {, }\OperatorTok{{-}}\Norm...
The control sequence at the end of the top line
of your error message was never \def'ed. If you have
misspelled it (e.g., `\hobx'), type `I' and the correct
spelling (e.g., `I\hbox'). Otherwise just continue,
and I'll forget about whatever was undefined.

! Undefined control sequence.
l.769 ... }\DecValTok{1}\NormalTok{, }\OperatorTok
                                                  {{-}}\NormalTok{b}\Operato...
The control sequence at the end of the top line
of your error message was never \def'ed. If you have
misspelled it (e.g., `\hobx'), type `I' and the correct
spelling (e.g., `I\hbox'). Otherwise just continue,
and I'll forget about whatever was undefined.

! Undefined control sequence.
l.769 ...\NormalTok{, }\OperatorTok{{-}}\NormalTok
                                                  {b}\OperatorTok{/}\NormalT...
The control sequence at the end of the top line
of your error message was never \def'ed. If you have
misspelled it (e.g., `\hobx'), type `I' and the correct
spelling (e.g., `I\hbox'). Otherwise just continue,
and I'll forget about whatever was undefined.

! Undefined control sequence.
l.769 ...OperatorTok{{-}}\NormalTok{b}\OperatorTok
                                                  {/}\NormalTok{c)]}
The control sequence at the end of the top line
of your error message was never \def'ed. If you have
misspelled it (e.g., `\hobx'), type `I' and the correct
spelling (e.g., `I\hbox'). Otherwise just continue,
and I'll forget about whatever was undefined.

! Undefined control sequence.
l.769 ...-}}\NormalTok{b}\OperatorTok{/}\NormalTok
                                                  {c)]}
The control sequence at the end of the top line
of your error message was never \def'ed. If you have
misspelled it (e.g., `\hobx'), type `I' and the correct
spelling (e.g., `I\hbox'). Otherwise just continue,
and I'll forget about whatever was undefined.

! Undefined control sequence.
l.770     \ControlFlowTok
                         {else}\NormalTok{:}
The control sequence at the end of the top line
of your error message was never \def'ed. If you have
misspelled it (e.g., `\hobx'), type `I' and the correct
spelling (e.g., `I\hbox'). Otherwise just continue,
and I'll forget about whatever was undefined.

! Undefined control sequence.
l.770     \ControlFlowTok{else}\NormalTok
                                         {:}
The control sequence at the end of the top line
of your error message was never \def'ed. If you have
misspelled it (e.g., `\hobx'), type `I' and the correct
spelling (e.g., `I\hbox'). Otherwise just continue,
and I'll forget about whatever was undefined.

! Undefined control sequence.
l.771         \ControlFlowTok
                             {raise} \PreprocessorTok{ValueError}\NormalTok{...
The control sequence at the end of the top line
of your error message was never \def'ed. If you have
misspelled it (e.g., `\hobx'), type `I' and the correct
spelling (e.g., `I\hbox'). Otherwise just continue,
and I'll forget about whatever was undefined.

! Undefined control sequence.
l.771 ...  \ControlFlowTok{raise} \PreprocessorTok
                                                  {ValueError}\NormalTok{(}\...
The control sequence at the end of the top line
of your error message was never \def'ed. If you have
misspelled it (e.g., `\hobx'), type `I' and the correct
spelling (e.g., `I\hbox'). Otherwise just continue,
and I'll forget about whatever was undefined.

! Undefined control sequence.
l.771 ...e} \PreprocessorTok{ValueError}\NormalTok
                                                  {(}\StringTok{"La forme li...
The control sequence at the end of the top line
of your error message was never \def'ed. If you have
misspelled it (e.g., `\hobx'), type `I' and the correct
spelling (e.g., `I\hbox'). Otherwise just continue,
and I'll forget about whatever was undefined.

! Undefined control sequence.
l.771 ...sorTok{ValueError}\NormalTok{(}\StringTok
                                                  {"La forme linéaire ne pe...
The control sequence at the end of the top line
of your error message was never \def'ed. If you have
misspelled it (e.g., `\hobx'), type `I' and the correct
spelling (e.g., `I\hbox'). Otherwise just continue,
and I'll forget about whatever was undefined.

! Undefined control sequence.
l.771 ...eut être identiquement nulle"}\NormalTok
                                                  {)}
The control sequence at the end of the top line
of your error message was never \def'ed. If you have
misspelled it (e.g., `\hobx'), type `I' and the correct
spelling (e.g., `I\hbox'). Otherwise just continue,
and I'll forget about whatever was undefined.

! Undefined control sequence.
l.773 \NormalTok
                {basis }\OperatorTok{=}\NormalTok{ find\_hyperplane\_basis\_...
The control sequence at the end of the top line
of your error message was never \def'ed. If you have
misspelled it (e.g., `\hobx'), type `I' and the correct
spelling (e.g., `I\hbox'). Otherwise just continue,
and I'll forget about whatever was undefined.

! Undefined control sequence.
l.773 \NormalTok{basis }\OperatorTok
                                    {=}\NormalTok{ find\_hyperplane\_basis\_...
The control sequence at the end of the top line
of your error message was never \def'ed. If you have
misspelled it (e.g., `\hobx'), type `I' and the correct
spelling (e.g., `I\hbox'). Otherwise just continue,
and I'll forget about whatever was undefined.

! Undefined control sequence.
l.773 \NormalTok{basis }\OperatorTok{=}\NormalTok
                                                 { find\_hyperplane\_basis\_...
The control sequence at the end of the top line
of your error message was never \def'ed. If you have
misspelled it (e.g., `\hobx'), type `I' and the correct
spelling (e.g., `I\hbox'). Otherwise just continue,
and I'll forget about whatever was undefined.

! Undefined control sequence.
l.773 ... find\_hyperplane\_basis\_3d([}\DecValTok
                                                  {2}\NormalTok{, }\Operator...
The control sequence at the end of the top line
of your error message was never \def'ed. If you have
misspelled it (e.g., `\hobx'), type `I' and the correct
spelling (e.g., `I\hbox'). Otherwise just continue,
and I'll forget about whatever was undefined.

! Undefined control sequence.
l.773 ...lane\_basis\_3d([}\DecValTok{2}\NormalTok
                                                  {, }\OperatorTok{{-}}\DecV...
The control sequence at the end of the top line
of your error message was never \def'ed. If you have
misspelled it (e.g., `\hobx'), type `I' and the correct
spelling (e.g., `I\hbox'). Otherwise just continue,
and I'll forget about whatever was undefined.

! Undefined control sequence.
l.773 ...[}\DecValTok{2}\NormalTok{, }\OperatorTok
                                                  {{-}}\DecValTok{1}\NormalT...
The control sequence at the end of the top line
of your error message was never \def'ed. If you have
misspelled it (e.g., `\hobx'), type `I' and the correct
spelling (e.g., `I\hbox'). Otherwise just continue,
and I'll forget about whatever was undefined.

! Undefined control sequence.
l.773 ...\NormalTok{, }\OperatorTok{{-}}\DecValTok
                                                  {1}\NormalTok{, }\DecValTo...
The control sequence at the end of the top line
of your error message was never \def'ed. If you have
misspelled it (e.g., `\hobx'), type `I' and the correct
spelling (e.g., `I\hbox'). Otherwise just continue,
and I'll forget about whatever was undefined.

! Undefined control sequence.
l.773 ...}\OperatorTok{{-}}\DecValTok{1}\NormalTok
                                                  {, }\DecValTok{3}\NormalTo...
The control sequence at the end of the top line
of your error message was never \def'ed. If you have
misspelled it (e.g., `\hobx'), type `I' and the correct
spelling (e.g., `I\hbox'). Otherwise just continue,
and I'll forget about whatever was undefined.

! Undefined control sequence.
l.773 ...{-}}\DecValTok{1}\NormalTok{, }\DecValTok
                                                  {3}\NormalTok{])}
The control sequence at the end of the top line
of your error message was never \def'ed. If you have
misspelled it (e.g., `\hobx'), type `I' and the correct
spelling (e.g., `I\hbox'). Otherwise just continue,
and I'll forget about whatever was undefined.

! Undefined control sequence.
l.773 ...k{1}\NormalTok{, }\DecValTok{3}\NormalTok
                                                  {])}
The control sequence at the end of the top line
of your error message was never \def'ed. If you have
misspelled it (e.g., `\hobx'), type `I' and the correct
spelling (e.g., `I\hbox'). Otherwise just continue,
and I'll forget about whatever was undefined.

! Undefined control sequence.
l.774 \CommentTok
                 {\# Validation mathématique: la forme linéaire s\textquot...
The control sequence at the end of the top line
of your error message was never \def'ed. If you have
misspelled it (e.g., `\hobx'), type `I' and the correct
spelling (e.g., `I\hbox'). Otherwise just continue,
and I'll forget about whatever was undefined.

! Undefined control sequence.
l.775 \ControlFlowTok
                     {assert} \BuiltInTok{sum}\NormalTok{(c}\OperatorTok{*}\...
The control sequence at the end of the top line
of your error message was never \def'ed. If you have
misspelled it (e.g., `\hobx'), type `I' and the correct
spelling (e.g., `I\hbox'). Otherwise just continue,
and I'll forget about whatever was undefined.

! Undefined control sequence.
l.775 \ControlFlowTok{assert} \BuiltInTok
                                         {sum}\NormalTok{(c}\OperatorTok{*}\...
The control sequence at the end of the top line
of your error message was never \def'ed. If you have
misspelled it (e.g., `\hobx'), type `I' and the correct
spelling (e.g., `I\hbox'). Otherwise just continue,
and I'll forget about whatever was undefined.

! Undefined control sequence.
l.775 ...lowTok{assert} \BuiltInTok{sum}\NormalTok
                                                  {(c}\OperatorTok{*}\Normal...
The control sequence at the end of the top line
of your error message was never \def'ed. If you have
misspelled it (e.g., `\hobx'), type `I' and the correct
spelling (e.g., `I\hbox'). Otherwise just continue,
and I'll forget about whatever was undefined.

! Undefined control sequence.
l.775 ...BuiltInTok{sum}\NormalTok{(c}\OperatorTok
                                                  {*}\NormalTok{v }\ControlF...
The control sequence at the end of the top line
of your error message was never \def'ed. If you have
misspelled it (e.g., `\hobx'), type `I' and the correct
spelling (e.g., `I\hbox'). Otherwise just continue,
and I'll forget about whatever was undefined.

! Undefined control sequence.
l.775 ...m}\NormalTok{(c}\OperatorTok{*}\NormalTok
                                                  {v }\ControlFlowTok{for}\N...
The control sequence at the end of the top line
of your error message was never \def'ed. If you have
misspelled it (e.g., `\hobx'), type `I' and the correct
spelling (e.g., `I\hbox'). Otherwise just continue,
and I'll forget about whatever was undefined.

! Undefined control sequence.
l.775 ...eratorTok{*}\NormalTok{v }\ControlFlowTok
                                                  {for}\NormalTok{ c, v }\Ke...
The control sequence at the end of the top line
of your error message was never \def'ed. If you have
misspelled it (e.g., `\hobx'), type `I' and the correct
spelling (e.g., `I\hbox'). Otherwise just continue,
and I'll forget about whatever was undefined.

! Undefined control sequence.
l.775 ...rmalTok{v }\ControlFlowTok{for}\NormalTok
                                                  { c, v }\KeywordTok{in} \B...
The control sequence at the end of the top line
of your error message was never \def'ed. If you have
misspelled it (e.g., `\hobx'), type `I' and the correct
spelling (e.g., `I\hbox'). Otherwise just continue,
and I'll forget about whatever was undefined.

! Undefined control sequence.
l.775 ...FlowTok{for}\NormalTok{ c, v }\KeywordTok
                                                  {in} \BuiltInTok{zip}\Norm...
The control sequence at the end of the top line
of your error message was never \def'ed. If you have
misspelled it (e.g., `\hobx'), type `I' and the correct
spelling (e.g., `I\hbox'). Otherwise just continue,
and I'll forget about whatever was undefined.

! Undefined control sequence.
l.775 ...malTok{ c, v }\KeywordTok{in} \BuiltInTok
                                                  {zip}\NormalTok{([}\DecVal...
The control sequence at the end of the top line
of your error message was never \def'ed. If you have
misspelled it (e.g., `\hobx'), type `I' and the correct
spelling (e.g., `I\hbox'). Otherwise just continue,
and I'll forget about whatever was undefined.

! Undefined control sequence.
l.775 ...KeywordTok{in} \BuiltInTok{zip}\NormalTok
                                                  {([}\DecValTok{2}\NormalTo...
The control sequence at the end of the top line
of your error message was never \def'ed. If you have
misspelled it (e.g., `\hobx'), type `I' and the correct
spelling (e.g., `I\hbox'). Otherwise just continue,
and I'll forget about whatever was undefined.

! Undefined control sequence.
l.775 ... \BuiltInTok{zip}\NormalTok{([}\DecValTok
                                                  {2}\NormalTok{, }\Operator...
The control sequence at the end of the top line
of your error message was never \def'ed. If you have
misspelled it (e.g., `\hobx'), type `I' and the correct
spelling (e.g., `I\hbox'). Otherwise just continue,
and I'll forget about whatever was undefined.

! Undefined control sequence.
l.775 ...zip}\NormalTok{([}\DecValTok{2}\NormalTok
                                                  {, }\OperatorTok{{-}}\DecV...
The control sequence at the end of the top line
of your error message was never \def'ed. If you have
misspelled it (e.g., `\hobx'), type `I' and the correct
spelling (e.g., `I\hbox'). Otherwise just continue,
and I'll forget about whatever was undefined.

! Undefined control sequence.
l.775 ...[}\DecValTok{2}\NormalTok{, }\OperatorTok
                                                  {{-}}\DecValTok{1}\NormalT...
The control sequence at the end of the top line
of your error message was never \def'ed. If you have
misspelled it (e.g., `\hobx'), type `I' and the correct
spelling (e.g., `I\hbox'). Otherwise just continue,
and I'll forget about whatever was undefined.

! Undefined control sequence.
l.775 ...\NormalTok{, }\OperatorTok{{-}}\DecValTok
                                                  {1}\NormalTok{, }\DecValTo...
The control sequence at the end of the top line
of your error message was never \def'ed. If you have
misspelled it (e.g., `\hobx'), type `I' and the correct
spelling (e.g., `I\hbox'). Otherwise just continue,
and I'll forget about whatever was undefined.

! Undefined control sequence.
l.775 ...}\OperatorTok{{-}}\DecValTok{1}\NormalTok
                                                  {, }\DecValTok{3}\NormalTo...
The control sequence at the end of the top line
of your error message was never \def'ed. If you have
misspelled it (e.g., `\hobx'), type `I' and the correct
spelling (e.g., `I\hbox'). Otherwise just continue,
and I'll forget about whatever was undefined.

! Undefined control sequence.
l.775 ...{-}}\DecValTok{1}\NormalTok{, }\DecValTok
                                                  {3}\NormalTok{], basis[}\D...
The control sequence at the end of the top line
of your error message was never \def'ed. If you have
misspelled it (e.g., `\hobx'), type `I' and the correct
spelling (e.g., `I\hbox'). Otherwise just continue,
and I'll forget about whatever was undefined.

! Undefined control sequence.
l.775 ...k{1}\NormalTok{, }\DecValTok{3}\NormalTok
                                                  {], basis[}\DecValTok{0}\N...
The control sequence at the end of the top line
of your error message was never \def'ed. If you have
misspelled it (e.g., `\hobx'), type `I' and the correct
spelling (e.g., `I\hbox'). Otherwise just continue,
and I'll forget about whatever was undefined.

! Undefined control sequence.
l.775 ...cValTok{3}\NormalTok{], basis[}\DecValTok
                                                  {0}\NormalTok{])) }\Operat...
The control sequence at the end of the top line
of your error message was never \def'ed. If you have
misspelled it (e.g., `\hobx'), type `I' and the correct
spelling (e.g., `I\hbox'). Otherwise just continue,
and I'll forget about whatever was undefined.

! Undefined control sequence.
l.775 ...rmalTok{], basis[}\DecValTok{0}\NormalTok
                                                  {])) }\OperatorTok{==} \De...
The control sequence at the end of the top line
of your error message was never \def'ed. If you have
misspelled it (e.g., `\hobx'), type `I' and the correct
spelling (e.g., `I\hbox'). Otherwise just continue,
and I'll forget about whatever was undefined.

! Undefined control sequence.
l.775 ...\DecValTok{0}\NormalTok{])) }\OperatorTok
                                                  {==} \DecValTok{0}
The control sequence at the end of the top line
of your error message was never \def'ed. If you have
misspelled it (e.g., `\hobx'), type `I' and the correct
spelling (e.g., `I\hbox'). Otherwise just continue,
and I'll forget about whatever was undefined.

! Undefined control sequence.
l.775 ...ormalTok{])) }\OperatorTok{==} \DecValTok
                                                  {0}
The control sequence at the end of the top line
of your error message was never \def'ed. If you have
misspelled it (e.g., `\hobx'), type `I' and the correct
spelling (e.g., `I\hbox'). Otherwise just continue,
and I'll forget about whatever was undefined.

! Undefined control sequence.
l.776 \ControlFlowTok
                     {assert} \BuiltInTok{sum}\NormalTok{(c}\OperatorTok{*}\...
The control sequence at the end of the top line
of your error message was never \def'ed. If you have
misspelled it (e.g., `\hobx'), type `I' and the correct
spelling (e.g., `I\hbox'). Otherwise just continue,
and I'll forget about whatever was undefined.

! Undefined control sequence.
l.776 \ControlFlowTok{assert} \BuiltInTok
                                         {sum}\NormalTok{(c}\OperatorTok{*}\...
The control sequence at the end of the top line
of your error message was never \def'ed. If you have
misspelled it (e.g., `\hobx'), type `I' and the correct
spelling (e.g., `I\hbox'). Otherwise just continue,
and I'll forget about whatever was undefined.

! Undefined control sequence.
l.776 ...lowTok{assert} \BuiltInTok{sum}\NormalTok
                                                  {(c}\OperatorTok{*}\Normal...
The control sequence at the end of the top line
of your error message was never \def'ed. If you have
misspelled it (e.g., `\hobx'), type `I' and the correct
spelling (e.g., `I\hbox'). Otherwise just continue,
and I'll forget about whatever was undefined.

! Undefined control sequence.
l.776 ...BuiltInTok{sum}\NormalTok{(c}\OperatorTok
                                                  {*}\NormalTok{v }\ControlF...
The control sequence at the end of the top line
of your error message was never \def'ed. If you have
misspelled it (e.g., `\hobx'), type `I' and the correct
spelling (e.g., `I\hbox'). Otherwise just continue,
and I'll forget about whatever was undefined.

! Undefined control sequence.
l.776 ...m}\NormalTok{(c}\OperatorTok{*}\NormalTok
                                                  {v }\ControlFlowTok{for}\N...
The control sequence at the end of the top line
of your error message was never \def'ed. If you have
misspelled it (e.g., `\hobx'), type `I' and the correct
spelling (e.g., `I\hbox'). Otherwise just continue,
and I'll forget about whatever was undefined.

! Undefined control sequence.
l.776 ...eratorTok{*}\NormalTok{v }\ControlFlowTok
                                                  {for}\NormalTok{ c, v }\Ke...
The control sequence at the end of the top line
of your error message was never \def'ed. If you have
misspelled it (e.g., `\hobx'), type `I' and the correct
spelling (e.g., `I\hbox'). Otherwise just continue,
and I'll forget about whatever was undefined.

! Undefined control sequence.
l.776 ...rmalTok{v }\ControlFlowTok{for}\NormalTok
                                                  { c, v }\KeywordTok{in} \B...
The control sequence at the end of the top line
of your error message was never \def'ed. If you have
misspelled it (e.g., `\hobx'), type `I' and the correct
spelling (e.g., `I\hbox'). Otherwise just continue,
and I'll forget about whatever was undefined.

! Undefined control sequence.
l.776 ...FlowTok{for}\NormalTok{ c, v }\KeywordTok
                                                  {in} \BuiltInTok{zip}\Norm...
The control sequence at the end of the top line
of your error message was never \def'ed. If you have
misspelled it (e.g., `\hobx'), type `I' and the correct
spelling (e.g., `I\hbox'). Otherwise just continue,
and I'll forget about whatever was undefined.

! Undefined control sequence.
l.776 ...malTok{ c, v }\KeywordTok{in} \BuiltInTok
                                                  {zip}\NormalTok{([}\DecVal...
The control sequence at the end of the top line
of your error message was never \def'ed. If you have
misspelled it (e.g., `\hobx'), type `I' and the correct
spelling (e.g., `I\hbox'). Otherwise just continue,
and I'll forget about whatever was undefined.

! Undefined control sequence.
l.776 ...KeywordTok{in} \BuiltInTok{zip}\NormalTok
                                                  {([}\DecValTok{2}\NormalTo...
The control sequence at the end of the top line
of your error message was never \def'ed. If you have
misspelled it (e.g., `\hobx'), type `I' and the correct
spelling (e.g., `I\hbox'). Otherwise just continue,
and I'll forget about whatever was undefined.

! Undefined control sequence.
l.776 ... \BuiltInTok{zip}\NormalTok{([}\DecValTok
                                                  {2}\NormalTok{, }\Operator...
The control sequence at the end of the top line
of your error message was never \def'ed. If you have
misspelled it (e.g., `\hobx'), type `I' and the correct
spelling (e.g., `I\hbox'). Otherwise just continue,
and I'll forget about whatever was undefined.

! Undefined control sequence.
l.776 ...zip}\NormalTok{([}\DecValTok{2}\NormalTok
                                                  {, }\OperatorTok{{-}}\DecV...
The control sequence at the end of the top line
of your error message was never \def'ed. If you have
misspelled it (e.g., `\hobx'), type `I' and the correct
spelling (e.g., `I\hbox'). Otherwise just continue,
and I'll forget about whatever was undefined.

! Undefined control sequence.
l.776 ...[}\DecValTok{2}\NormalTok{, }\OperatorTok
                                                  {{-}}\DecValTok{1}\NormalT...
The control sequence at the end of the top line
of your error message was never \def'ed. If you have
misspelled it (e.g., `\hobx'), type `I' and the correct
spelling (e.g., `I\hbox'). Otherwise just continue,
and I'll forget about whatever was undefined.

! Undefined control sequence.
l.776 ...\NormalTok{, }\OperatorTok{{-}}\DecValTok
                                                  {1}\NormalTok{, }\DecValTo...
The control sequence at the end of the top line
of your error message was never \def'ed. If you have
misspelled it (e.g., `\hobx'), type `I' and the correct
spelling (e.g., `I\hbox'). Otherwise just continue,
and I'll forget about whatever was undefined.

! Undefined control sequence.
l.776 ...}\OperatorTok{{-}}\DecValTok{1}\NormalTok
                                                  {, }\DecValTok{3}\NormalTo...
The control sequence at the end of the top line
of your error message was never \def'ed. If you have
misspelled it (e.g., `\hobx'), type `I' and the correct
spelling (e.g., `I\hbox'). Otherwise just continue,
and I'll forget about whatever was undefined.

! Undefined control sequence.
l.776 ...{-}}\DecValTok{1}\NormalTok{, }\DecValTok
                                                  {3}\NormalTok{], basis[}\D...
The control sequence at the end of the top line
of your error message was never \def'ed. If you have
misspelled it (e.g., `\hobx'), type `I' and the correct
spelling (e.g., `I\hbox'). Otherwise just continue,
and I'll forget about whatever was undefined.

! Undefined control sequence.
l.776 ...k{1}\NormalTok{, }\DecValTok{3}\NormalTok
                                                  {], basis[}\DecValTok{1}\N...
The control sequence at the end of the top line
of your error message was never \def'ed. If you have
misspelled it (e.g., `\hobx'), type `I' and the correct
spelling (e.g., `I\hbox'). Otherwise just continue,
and I'll forget about whatever was undefined.

! Undefined control sequence.
l.776 ...cValTok{3}\NormalTok{], basis[}\DecValTok
                                                  {1}\NormalTok{])) }\Operat...
The control sequence at the end of the top line
of your error message was never \def'ed. If you have
misspelled it (e.g., `\hobx'), type `I' and the correct
spelling (e.g., `I\hbox'). Otherwise just continue,
and I'll forget about whatever was undefined.

! Undefined control sequence.
l.776 ...rmalTok{], basis[}\DecValTok{1}\NormalTok
                                                  {])) }\OperatorTok{==} \De...
The control sequence at the end of the top line
of your error message was never \def'ed. If you have
misspelled it (e.g., `\hobx'), type `I' and the correct
spelling (e.g., `I\hbox'). Otherwise just continue,
and I'll forget about whatever was undefined.

! Undefined control sequence.
l.776 ...\DecValTok{1}\NormalTok{])) }\OperatorTok
                                                  {==} \DecValTok{0}
The control sequence at the end of the top line
of your error message was never \def'ed. If you have
misspelled it (e.g., `\hobx'), type `I' and the correct
spelling (e.g., `I\hbox'). Otherwise just continue,
and I'll forget about whatever was undefined.

! Undefined control sequence.
l.776 ...ormalTok{])) }\OperatorTok{==} \DecValTok
                                                  {0}
The control sequence at the end of the top line
of your error message was never \def'ed. If you have
misspelled it (e.g., `\hobx'), type `I' and the correct
spelling (e.g., `I\hbox'). Otherwise just continue,
and I'll forget about whatever was undefined.


! LaTeX Error: \begin{document} ended by \end{Highlighting}.

See the LaTeX manual or LaTeX Companion for explanation.
Type  H <return>  for immediate help.
 ...

l.777 \end{Highlighting}

Your command was ignored.
Type  I <command> <return>  to replace it with another command,
or  <return>  to continue without it.


! LaTeX Error: \begin{document} ended by \end{Shaded}.

See the LaTeX manual or LaTeX Companion for explanation.
Type  H <return>  for immediate help.
 ...

l.778 \end{Shaded}

Your command was ignored.
Type  I <command> <return>  to replace it with another command,
or  <return>  to continue without it.


! LaTeX Error: Environment Shaded undefined.

See the LaTeX manual or LaTeX Companion for explanation.
Type  H <return>  for immediate help.
 ...

l.797 \begin{Shaded}

Your command was ignored.
Type  I <command> <return>  to replace it with another command,
or  <return>  to continue without it.


! LaTeX Error: Environment Highlighting undefined.

See the LaTeX manual or LaTeX Companion for explanation.
Type  H <return>  for immediate help.
 ...

l.798 \begin{Highlighting}
                          []
Your command was ignored.
Type  I <command> <return>  to replace it with another command,
or  <return>  to continue without it.

! Undefined control sequence.
l.799 \KeywordTok
                 {def}\NormalTok{ intersect\_2d\_lines(a1, b1, d1, a2, b2, d...
The control sequence at the end of the top line
of your error message was never \def'ed. If you have
misspelled it (e.g., `\hobx'), type `I' and the correct
spelling (e.g., `I\hbox'). Otherwise just continue,
and I'll forget about whatever was undefined.

! Undefined control sequence.
l.799 \KeywordTok{def}\NormalTok
                                { intersect\_2d\_lines(a1, b1, d1, a2, b2, d...
The control sequence at the end of the top line
of your error message was never \def'ed. If you have
misspelled it (e.g., `\hobx'), type `I' and the correct
spelling (e.g., `I\hbox'). Otherwise just continue,
and I'll forget about whatever was undefined.

! Undefined control sequence.
l.800     \CommentTok
                     {\# Calcul du déterminant du système}
The control sequence at the end of the top line
of your error message was never \def'ed. If you have
misspelled it (e.g., `\hobx'), type `I' and the correct
spelling (e.g., `I\hbox'). Otherwise just continue,
and I'll forget about whatever was undefined.

! Undefined control sequence.
l.801 \NormalTok
                {    det }\OperatorTok{=}\NormalTok{ a1b1}
The control sequence at the end of the top line
of your error message was never \def'ed. If you have
misspelled it (e.g., `\hobx'), type `I' and the correct
spelling (e.g., `I\hbox'). Otherwise just continue,
and I'll forget about whatever was undefined.

! Undefined control sequence.
l.801 \NormalTok{    det }\OperatorTok
                                      {=}\NormalTok{ a1b1}
The control sequence at the end of the top line
of your error message was never \def'ed. If you have
misspelled it (e.g., `\hobx'), type `I' and the correct
spelling (e.g., `I\hbox'). Otherwise just continue,
and I'll forget about whatever was undefined.

! Undefined control sequence.
l.801 ...malTok{    det }\OperatorTok{=}\NormalTok
                                                  { a1b1}
The control sequence at the end of the top line
of your error message was never \def'ed. If you have
misspelled it (e.g., `\hobx'), type `I' and the correct
spelling (e.g., `I\hbox'). Otherwise just continue,
and I'll forget about whatever was undefined.

! Undefined control sequence.
l.802     \ControlFlowTok
                         {if}\NormalTok{ det }\OperatorTok{==} \DecValTok{0}...
The control sequence at the end of the top line
of your error message was never \def'ed. If you have
misspelled it (e.g., `\hobx'), type `I' and the correct
spelling (e.g., `I\hbox'). Otherwise just continue,
and I'll forget about whatever was undefined.

! Undefined control sequence.
l.802     \ControlFlowTok{if}\NormalTok
                                       { det }\OperatorTok{==} \DecValTok{0}...
The control sequence at the end of the top line
of your error message was never \def'ed. If you have
misspelled it (e.g., `\hobx'), type `I' and the correct
spelling (e.g., `I\hbox'). Otherwise just continue,
and I'll forget about whatever was undefined.

! Undefined control sequence.
l.802 ...lFlowTok{if}\NormalTok{ det }\OperatorTok
                                                  {==} \DecValTok{0}\NormalT...
The control sequence at the end of the top line
of your error message was never \def'ed. If you have
misspelled it (e.g., `\hobx'), type `I' and the correct
spelling (e.g., `I\hbox'). Otherwise just continue,
and I'll forget about whatever was undefined.

! Undefined control sequence.
l.802 ...rmalTok{ det }\OperatorTok{==} \DecValTok
                                                  {0}\NormalTok{:}
The control sequence at the end of the top line
of your error message was never \def'ed. If you have
misspelled it (e.g., `\hobx'), type `I' and the correct
spelling (e.g., `I\hbox'). Otherwise just continue,
and I'll forget about whatever was undefined.

! Undefined control sequence.
l.802 ...}\OperatorTok{==} \DecValTok{0}\NormalTok
                                                  {:}
The control sequence at the end of the top line
of your error message was never \def'ed. If you have
misspelled it (e.g., `\hobx'), type `I' and the correct
spelling (e.g., `I\hbox'). Otherwise just continue,
and I'll forget about whatever was undefined.

! Undefined control sequence.
l.803         \ControlFlowTok
                             {return} \VariableTok{None} \CommentTok{\# Les ...
The control sequence at the end of the top line
of your error message was never \def'ed. If you have
misspelled it (e.g., `\hobx'), type `I' and the correct
spelling (e.g., `I\hbox'). Otherwise just continue,
and I'll forget about whatever was undefined.

! Undefined control sequence.
l.803         \ControlFlowTok{return} \VariableTok
                                                  {None} \CommentTok{\# Les ...
The control sequence at the end of the top line
of your error message was never \def'ed. If you have
misspelled it (e.g., `\hobx'), type `I' and the correct
spelling (e.g., `I\hbox'). Otherwise just continue,
and I'll forget about whatever was undefined.

! Undefined control sequence.
l.803 ...ok{return} \VariableTok{None} \CommentTok
                                                  {\# Les hyperplans (droite...
The control sequence at the end of the top line
of your error message was never \def'ed. If you have
misspelled it (e.g., `\hobx'), type `I' and the correct
spelling (e.g., `I\hbox'). Otherwise just continue,
and I'll forget about whatever was undefined.

! Undefined control sequence.
l.805     \CommentTok
                     {\# Résolution exacte par la règle de Cramer}
The control sequence at the end of the top line
of your error message was never \def'ed. If you have
misspelled it (e.g., `\hobx'), type `I' and the correct
spelling (e.g., `I\hbox'). Otherwise just continue,
and I'll forget about whatever was undefined.

[12]
! Undefined control sequence.
l.806 \NormalTok
                {    x }\OperatorTok{=}\NormalTok{ (d1b1) }\OperatorTok{/}\N...
The control sequence at the end of the top line
of your error message was never \def'ed. If you have
misspelled it (e.g., `\hobx'), type `I' and the correct
spelling (e.g., `I\hbox'). Otherwise just continue,
and I'll forget about whatever was undefined.

! Undefined control sequence.
l.806 \NormalTok{    x }\OperatorTok
                                    {=}\NormalTok{ (d1b1) }\OperatorTok{/}\N...
The control sequence at the end of the top line
of your error message was never \def'ed. If you have
misspelled it (e.g., `\hobx'), type `I' and the correct
spelling (e.g., `I\hbox'). Otherwise just continue,
and I'll forget about whatever was undefined.

! Undefined control sequence.
l.806 \NormalTok{    x }\OperatorTok{=}\NormalTok
                                                 { (d1b1) }\OperatorTok{/}\N...
The control sequence at the end of the top line
of your error message was never \def'ed. If you have
misspelled it (e.g., `\hobx'), type `I' and the correct
spelling (e.g., `I\hbox'). Otherwise just continue,
and I'll forget about whatever was undefined.

! Undefined control sequence.
l.806 ...torTok{=}\NormalTok{ (d1b1) }\OperatorTok
                                                  {/}\NormalTok{ det}
The control sequence at the end of the top line
of your error message was never \def'ed. If you have
misspelled it (e.g., `\hobx'), type `I' and the correct
spelling (e.g., `I\hbox'). Otherwise just continue,
and I'll forget about whatever was undefined.

! Undefined control sequence.
l.806 ...malTok{ (d1b1) }\OperatorTok{/}\NormalTok
                                                  { det}
The control sequence at the end of the top line
of your error message was never \def'ed. If you have
misspelled it (e.g., `\hobx'), type `I' and the correct
spelling (e.g., `I\hbox'). Otherwise just continue,
and I'll forget about whatever was undefined.

! Undefined control sequence.
l.807 \NormalTok
                {    y }\OperatorTok{=}\NormalTok{ (a1d1) }\OperatorTok{/}\N...
The control sequence at the end of the top line
of your error message was never \def'ed. If you have
misspelled it (e.g., `\hobx'), type `I' and the correct
spelling (e.g., `I\hbox'). Otherwise just continue,
and I'll forget about whatever was undefined.

! Undefined control sequence.
l.807 \NormalTok{    y }\OperatorTok
                                    {=}\NormalTok{ (a1d1) }\OperatorTok{/}\N...
The control sequence at the end of the top line
of your error message was never \def'ed. If you have
misspelled it (e.g., `\hobx'), type `I' and the correct
spelling (e.g., `I\hbox'). Otherwise just continue,
and I'll forget about whatever was undefined.

! Undefined control sequence.
l.807 \NormalTok{    y }\OperatorTok{=}\NormalTok
                                                 { (a1d1) }\OperatorTok{/}\N...
The control sequence at the end of the top line
of your error message was never \def'ed. If you have
misspelled it (e.g., `\hobx'), type `I' and the correct
spelling (e.g., `I\hbox'). Otherwise just continue,
and I'll forget about whatever was undefined.

! Undefined control sequence.
l.807 ...torTok{=}\NormalTok{ (a1d1) }\OperatorTok
                                                  {/}\NormalTok{ det}
The control sequence at the end of the top line
of your error message was never \def'ed. If you have
misspelled it (e.g., `\hobx'), type `I' and the correct
spelling (e.g., `I\hbox'). Otherwise just continue,
and I'll forget about whatever was undefined.

! Undefined control sequence.
l.807 ...malTok{ (a1d1) }\OperatorTok{/}\NormalTok
                                                  { det}
The control sequence at the end of the top line
of your error message was never \def'ed. If you have
misspelled it (e.g., `\hobx'), type `I' and the correct
spelling (e.g., `I\hbox'). Otherwise just continue,
and I'll forget about whatever was undefined.

! Undefined control sequence.
l.808     \ControlFlowTok
                         {return}\NormalTok{ (x, y)}
The control sequence at the end of the top line
of your error message was never \def'ed. If you have
misspelled it (e.g., `\hobx'), type `I' and the correct
spelling (e.g., `I\hbox'). Otherwise just continue,
and I'll forget about whatever was undefined.

! Undefined control sequence.
l.808     \ControlFlowTok{return}\NormalTok
                                           { (x, y)}
The control sequence at the end of the top line
of your error message was never \def'ed. If you have
misspelled it (e.g., `\hobx'), type `I' and the correct
spelling (e.g., `I\hbox'). Otherwise just continue,
and I'll forget about whatever was undefined.

! Undefined control sequence.
l.810 \CommentTok
                 {\# Intersection de x {-} y = 0 et x + y = 2}
The control sequence at the end of the top line
of your error message was never \def'ed. If you have
misspelled it (e.g., `\hobx'), type `I' and the correct
spelling (e.g., `I\hbox'). Otherwise just continue,
and I'll forget about whatever was undefined.

! Undefined control sequence.
l.811 \ControlFlowTok
                     {assert}\NormalTok{ intersect\_2d\_lines(}\DecValTok{1}...
The control sequence at the end of the top line
of your error message was never \def'ed. If you have
misspelled it (e.g., `\hobx'), type `I' and the correct
spelling (e.g., `I\hbox'). Otherwise just continue,
and I'll forget about whatever was undefined.

! Undefined control sequence.
l.811 \ControlFlowTok{assert}\NormalTok
                                       { intersect\_2d\_lines(}\DecValTok{1}...
The control sequence at the end of the top line
of your error message was never \def'ed. If you have
misspelled it (e.g., `\hobx'), type `I' and the correct
spelling (e.g., `I\hbox'). Otherwise just continue,
and I'll forget about whatever was undefined.

! Undefined control sequence.
l.811 ...rmalTok{ intersect\_2d\_lines(}\DecValTok
                                                  {1}\NormalTok{, }\Operator...
The control sequence at the end of the top line
of your error message was never \def'ed. If you have
misspelled it (e.g., `\hobx'), type `I' and the correct
spelling (e.g., `I\hbox'). Otherwise just continue,
and I'll forget about whatever was undefined.

! Undefined control sequence.
l.811 ...rsect\_2d\_lines(}\DecValTok{1}\NormalTok
                                                  {, }\OperatorTok{{-}}\DecV...
The control sequence at the end of the top line
of your error message was never \def'ed. If you have
misspelled it (e.g., `\hobx'), type `I' and the correct
spelling (e.g., `I\hbox'). Otherwise just continue,
and I'll forget about whatever was undefined.

! Undefined control sequence.
l.811 ...(}\DecValTok{1}\NormalTok{, }\OperatorTok
                                                  {{-}}\DecValTok{1}\NormalT...
The control sequence at the end of the top line
of your error message was never \def'ed. If you have
misspelled it (e.g., `\hobx'), type `I' and the correct
spelling (e.g., `I\hbox'). Otherwise just continue,
and I'll forget about whatever was undefined.

! Undefined control sequence.
l.811 ...\NormalTok{, }\OperatorTok{{-}}\DecValTok
                                                  {1}\NormalTok{, }\DecValTo...
The control sequence at the end of the top line
of your error message was never \def'ed. If you have
misspelled it (e.g., `\hobx'), type `I' and the correct
spelling (e.g., `I\hbox'). Otherwise just continue,
and I'll forget about whatever was undefined.

! Undefined control sequence.
l.811 ...}\OperatorTok{{-}}\DecValTok{1}\NormalTok
                                                  {, }\DecValTok{0}\NormalTo...
The control sequence at the end of the top line
of your error message was never \def'ed. If you have
misspelled it (e.g., `\hobx'), type `I' and the correct
spelling (e.g., `I\hbox'). Otherwise just continue,
and I'll forget about whatever was undefined.

! Undefined control sequence.
l.811 ...{-}}\DecValTok{1}\NormalTok{, }\DecValTok
                                                  {0}\NormalTok{, }\DecValTo...
The control sequence at the end of the top line
of your error message was never \def'ed. If you have
misspelled it (e.g., `\hobx'), type `I' and the correct
spelling (e.g., `I\hbox'). Otherwise just continue,
and I'll forget about whatever was undefined.

! Undefined control sequence.
l.811 ...k{1}\NormalTok{, }\DecValTok{0}\NormalTok
                                                  {, }\DecValTok{1}\NormalTo...
The control sequence at the end of the top line
of your error message was never \def'ed. If you have
misspelled it (e.g., `\hobx'), type `I' and the correct
spelling (e.g., `I\hbox'). Otherwise just continue,
and I'll forget about whatever was undefined.

! Undefined control sequence.
l.811 ...{, }\DecValTok{0}\NormalTok{, }\DecValTok
                                                  {1}\NormalTok{, }\DecValTo...
The control sequence at the end of the top line
of your error message was never \def'ed. If you have
misspelled it (e.g., `\hobx'), type `I' and the correct
spelling (e.g., `I\hbox'). Otherwise just continue,
and I'll forget about whatever was undefined.

! Undefined control sequence.
l.811 ...k{0}\NormalTok{, }\DecValTok{1}\NormalTok
                                                  {, }\DecValTok{1}\NormalTo...
The control sequence at the end of the top line
of your error message was never \def'ed. If you have
misspelled it (e.g., `\hobx'), type `I' and the correct
spelling (e.g., `I\hbox'). Otherwise just continue,
and I'll forget about whatever was undefined.

! Undefined control sequence.
l.811 ...{, }\DecValTok{1}\NormalTok{, }\DecValTok
                                                  {1}\NormalTok{, }\DecValTo...
The control sequence at the end of the top line
of your error message was never \def'ed. If you have
misspelled it (e.g., `\hobx'), type `I' and the correct
spelling (e.g., `I\hbox'). Otherwise just continue,
and I'll forget about whatever was undefined.

! Undefined control sequence.
l.811 ...k{1}\NormalTok{, }\DecValTok{1}\NormalTok
                                                  {, }\DecValTok{2}\NormalTo...
The control sequence at the end of the top line
of your error message was never \def'ed. If you have
misspelled it (e.g., `\hobx'), type `I' and the correct
spelling (e.g., `I\hbox'). Otherwise just continue,
and I'll forget about whatever was undefined.

! Undefined control sequence.
l.811 ...{, }\DecValTok{1}\NormalTok{, }\DecValTok
                                                  {2}\NormalTok{) }\Operator...
The control sequence at the end of the top line
of your error message was never \def'ed. If you have
misspelled it (e.g., `\hobx'), type `I' and the correct
spelling (e.g., `I\hbox'). Otherwise just continue,
and I'll forget about whatever was undefined.

! Undefined control sequence.
l.811 ...k{1}\NormalTok{, }\DecValTok{2}\NormalTok
                                                  {) }\OperatorTok{==}\Norma...
The control sequence at the end of the top line
of your error message was never \def'ed. If you have
misspelled it (e.g., `\hobx'), type `I' and the correct
spelling (e.g., `I\hbox'). Otherwise just continue,
and I'll forget about whatever was undefined.

! Undefined control sequence.
l.811 ... }\DecValTok{2}\NormalTok{) }\OperatorTok
                                                  {==}\NormalTok{ (}\FloatTo...
The control sequence at the end of the top line
of your error message was never \def'ed. If you have
misspelled it (e.g., `\hobx'), type `I' and the correct
spelling (e.g., `I\hbox'). Otherwise just continue,
and I'll forget about whatever was undefined.

! Undefined control sequence.
l.811 ...}\NormalTok{) }\OperatorTok{==}\NormalTok
                                                  { (}\FloatTok{1.0}\NormalT...
The control sequence at the end of the top line
of your error message was never \def'ed. If you have
misspelled it (e.g., `\hobx'), type `I' and the correct
spelling (e.g., `I\hbox'). Otherwise just continue,
and I'll forget about whatever was undefined.

! Undefined control sequence.
l.811 ... }\OperatorTok{==}\NormalTok{ (}\FloatTok
                                                  {1.0}\NormalTok{, }\FloatT...
The control sequence at the end of the top line
of your error message was never \def'ed. If you have
misspelled it (e.g., `\hobx'), type `I' and the correct
spelling (e.g., `I\hbox'). Otherwise just continue,
and I'll forget about whatever was undefined.

! Undefined control sequence.
l.811 ...==}\NormalTok{ (}\FloatTok{1.0}\NormalTok
                                                  {, }\FloatTok{1.0}\NormalT...
The control sequence at the end of the top line
of your error message was never \def'ed. If you have
misspelled it (e.g., `\hobx'), type `I' and the correct
spelling (e.g., `I\hbox'). Otherwise just continue,
and I'll forget about whatever was undefined.

! Undefined control sequence.
l.811 ...{ (}\FloatTok{1.0}\NormalTok{, }\FloatTok
                                                  {1.0}\NormalTok{)}
The control sequence at the end of the top line
of your error message was never \def'ed. If you have
misspelled it (e.g., `\hobx'), type `I' and the correct
spelling (e.g., `I\hbox'). Otherwise just continue,
and I'll forget about whatever was undefined.

! Undefined control sequence.
l.811 ....0}\NormalTok{, }\FloatTok{1.0}\NormalTok
                                                  {)}
The control sequence at the end of the top line
of your error message was never \def'ed. If you have
misspelled it (e.g., `\hobx'), type `I' and the correct
spelling (e.g., `I\hbox'). Otherwise just continue,
and I'll forget about whatever was undefined.


! LaTeX Error: \begin{document} ended by \end{Highlighting}.

See the LaTeX manual or LaTeX Companion for explanation.
Type  H <return>  for immediate help.
 ...

l.812 \end{Highlighting}

Your command was ignored.
Type  I <command> <return>  to replace it with another command,
or  <return>  to continue without it.


! LaTeX Error: \begin{document} ended by \end{Shaded}.

See the LaTeX manual or LaTeX Companion for explanation.
Type  H <return>  for immediate help.
 ...

l.813 \end{Shaded}

Your command was ignored.
Type  I <command> <return>  to replace it with another command,
or  <return>  to continue without it.


! LaTeX Error: Environment Shaded undefined.

See the LaTeX manual or LaTeX Companion for explanation.
Type  H <return>  for immediate help.
 ...

l.832 \begin{Shaded}

Your command was ignored.
Type  I <command> <return>  to replace it with another command,
or  <return>  to continue without it.


! LaTeX Error: Environment Highlighting undefined.

See the LaTeX manual or LaTeX Companion for explanation.
Type  H <return>  for immediate help.
 ...

l.833 \begin{Highlighting}
                          []
Your command was ignored.
Type  I <command> <return>  to replace it with another command,
or  <return>  to continue without it.

! Undefined control sequence.
l.834 \KeywordTok
                 {def}\NormalTok{ riesz\_representation(form\_eval\_func, di...
The control sequence at the end of the top line
of your error message was never \def'ed. If you have
misspelled it (e.g., `\hobx'), type `I' and the correct
spelling (e.g., `I\hbox'). Otherwise just continue,
and I'll forget about whatever was undefined.

! Undefined control sequence.
l.834 \KeywordTok{def}\NormalTok
                                { riesz\_representation(form\_eval\_func, di...
The control sequence at the end of the top line
of your error message was never \def'ed. If you have
misspelled it (e.g., `\hobx'), type `I' and the correct
spelling (e.g., `I\hbox'). Otherwise just continue,
and I'll forget about whatever was undefined.

! Undefined control sequence.
l.835     \CommentTok
                     {\# La forme linéaire est entièrement déterminée pa...
The control sequence at the end of the top line
of your error message was never \def'ed. If you have
misspelled it (e.g., `\hobx'), type `I' and the correct
spelling (e.g., `I\hbox'). Otherwise just continue,
and I'll forget about whatever was undefined.

! Undefined control sequence.
l.836     \CommentTok
                     {\# On reconstruit le vecteur représentant \textasciig...
The control sequence at the end of the top line
of your error message was never \def'ed. If you have
misspelled it (e.g., `\hobx'), type `I' and the correct
spelling (e.g., `I\hbox'). Otherwise just continue,
and I'll forget about whatever was undefined.

! Undefined control sequence.
l.838 \NormalTok
                {    representing\_vector }\OperatorTok{=}\NormalTok{ []}
The control sequence at the end of the top line
of your error message was never \def'ed. If you have
misspelled it (e.g., `\hobx'), type `I' and the correct
spelling (e.g., `I\hbox'). Otherwise just continue,
and I'll forget about whatever was undefined.

! Undefined control sequence.
l.838 ...ok{    representing\_vector }\OperatorTok
                                                  {=}\NormalTok{ []}
The control sequence at the end of the top line
of your error message was never \def'ed. If you have
misspelled it (e.g., `\hobx'), type `I' and the correct
spelling (e.g., `I\hbox'). Otherwise just continue,
and I'll forget about whatever was undefined.

! Undefined control sequence.
l.838 ...enting\_vector }\OperatorTok{=}\NormalTok
                                                  { []}
The control sequence at the end of the top line
of your error message was never \def'ed. If you have
misspelled it (e.g., `\hobx'), type `I' and the correct
spelling (e.g., `I\hbox'). Otherwise just continue,
and I'll forget about whatever was undefined.

! Undefined control sequence.
l.839     \ControlFlowTok
                         {for}\NormalTok{ i }\KeywordTok{in} \BuiltInTok{ran...
The control sequence at the end of the top line
of your error message was never \def'ed. If you have
misspelled it (e.g., `\hobx'), type `I' and the correct
spelling (e.g., `I\hbox'). Otherwise just continue,
and I'll forget about whatever was undefined.

! Undefined control sequence.
l.839     \ControlFlowTok{for}\NormalTok
                                        { i }\KeywordTok{in} \BuiltInTok{ran...
The control sequence at the end of the top line
of your error message was never \def'ed. If you have
misspelled it (e.g., `\hobx'), type `I' and the correct
spelling (e.g., `I\hbox'). Otherwise just continue,
and I'll forget about whatever was undefined.

! Undefined control sequence.
l.839 ...rolFlowTok{for}\NormalTok{ i }\KeywordTok
                                                  {in} \BuiltInTok{range}\No...
The control sequence at the end of the top line
of your error message was never \def'ed. If you have
misspelled it (e.g., `\hobx'), type `I' and the correct
spelling (e.g., `I\hbox'). Otherwise just continue,
and I'll forget about whatever was undefined.

! Undefined control sequence.
l.839 ...NormalTok{ i }\KeywordTok{in} \BuiltInTok
                                                  {range}\NormalTok{(dimensi...
The control sequence at the end of the top line
of your error message was never \def'ed. If you have
misspelled it (e.g., `\hobx'), type `I' and the correct
spelling (e.g., `I\hbox'). Otherwise just continue,
and I'll forget about whatever was undefined.

! Undefined control sequence.
l.839 ...ywordTok{in} \BuiltInTok{range}\NormalTok
                                                  {(dimension):}
The control sequence at the end of the top line
of your error message was never \def'ed. If you have
misspelled it (e.g., `\hobx'), type `I' and the correct
spelling (e.g., `I\hbox'). Otherwise just continue,
and I'll forget about whatever was undefined.

! Undefined control sequence.
l.840         \CommentTok
                         {\# Création du i{-}ème vecteur de la base canoni...
The control sequence at the end of the top line
of your error message was never \def'ed. If you have
misspelled it (e.g., `\hobx'), type `I' and the correct
spelling (e.g., `I\hbox'). Otherwise just continue,
and I'll forget about whatever was undefined.

! Undefined control sequence.
l.841 \NormalTok
                {        e\_i }\OperatorTok{=}\NormalTok{ [}\DecValTok{0}\No...
The control sequence at the end of the top line
of your error message was never \def'ed. If you have
misspelled it (e.g., `\hobx'), type `I' and the correct
spelling (e.g., `I\hbox'). Otherwise just continue,
and I'll forget about whatever was undefined.

! Undefined control sequence.
l.841 \NormalTok{        e\_i }\OperatorTok
                                           {=}\NormalTok{ [}\DecValTok{0}\No...
The control sequence at the end of the top line
of your error message was never \def'ed. If you have
misspelled it (e.g., `\hobx'), type `I' and the correct
spelling (e.g., `I\hbox'). Otherwise just continue,
and I'll forget about whatever was undefined.

! Undefined control sequence.
l.841 ...k{        e\_i }\OperatorTok{=}\NormalTok
                                                  { [}\DecValTok{0}\NormalTo...
The control sequence at the end of the top line
of your error message was never \def'ed. If you have
misspelled it (e.g., `\hobx'), type `I' and the correct
spelling (e.g., `I\hbox'). Otherwise just continue,
and I'll forget about whatever was undefined.

! Undefined control sequence.
l.841 ... }\OperatorTok{=}\NormalTok{ [}\DecValTok
                                                  {0}\NormalTok{] }\Operator...
The control sequence at the end of the top line
of your error message was never \def'ed. If you have
misspelled it (e.g., `\hobx'), type `I' and the correct
spelling (e.g., `I\hbox'). Otherwise just continue,
and I'll forget about whatever was undefined.

! Undefined control sequence.
l.841 ...k{=}\NormalTok{ [}\DecValTok{0}\NormalTok
                                                  {] }\OperatorTok{*}\Normal...
The control sequence at the end of the top line
of your error message was never \def'ed. If you have
misspelled it (e.g., `\hobx'), type `I' and the correct
spelling (e.g., `I\hbox'). Otherwise just continue,
and I'll forget about whatever was undefined.

! Undefined control sequence.
l.841 ...[}\DecValTok{0}\NormalTok{] }\OperatorTok
                                                  {*}\NormalTok{ dimension}
The control sequence at the end of the top line
of your error message was never \def'ed. If you have
misspelled it (e.g., `\hobx'), type `I' and the correct
spelling (e.g., `I\hbox'). Otherwise just continue,
and I'll forget about whatever was undefined.

! Undefined control sequence.
l.841 ...0}\NormalTok{] }\OperatorTok{*}\NormalTok
                                                  { dimension}
The control sequence at the end of the top line
of your error message was never \def'ed. If you have
misspelled it (e.g., `\hobx'), type `I' and the correct
spelling (e.g., `I\hbox'). Otherwise just continue,
and I'll forget about whatever was undefined.

! Undefined control sequence.
l.842 \NormalTok
                {        e\_i[i] }\OperatorTok{=} \DecValTok{1}
The control sequence at the end of the top line
of your error message was never \def'ed. If you have
misspelled it (e.g., `\hobx'), type `I' and the correct
spelling (e.g., `I\hbox'). Otherwise just continue,
and I'll forget about whatever was undefined.

! Undefined control sequence.
l.842 \NormalTok{        e\_i[i] }\OperatorTok
                                              {=} \DecValTok{1}
The control sequence at the end of the top line
of your error message was never \def'ed. If you have
misspelled it (e.g., `\hobx'), type `I' and the correct
spelling (e.g., `I\hbox'). Otherwise just continue,
and I'll forget about whatever was undefined.

! Undefined control sequence.
l.842 ...      e\_i[i] }\OperatorTok{=} \DecValTok
                                                  {1}
The control sequence at the end of the top line
of your error message was never \def'ed. If you have
misspelled it (e.g., `\hobx'), type `I' and the correct
spelling (e.g., `I\hbox'). Otherwise just continue,
and I'll forget about whatever was undefined.

! Undefined control sequence.
l.844         \CommentTok
                         {\# Le coefficient a\_i est l\textquotesingle{}éva...
The control sequence at the end of the top line
of your error message was never \def'ed. If you have
misspelled it (e.g., `\hobx'), type `I' and the correct
spelling (e.g., `I\hbox'). Otherwise just continue,
and I'll forget about whatever was undefined.

! Undefined control sequence.
l.845 \NormalTok
                {        a\_i }\OperatorTok{=}\NormalTok{ form\_eval\_func(e...
The control sequence at the end of the top line
of your error message was never \def'ed. If you have
misspelled it (e.g., `\hobx'), type `I' and the correct
spelling (e.g., `I\hbox'). Otherwise just continue,
and I'll forget about whatever was undefined.

! Undefined control sequence.
l.845 \NormalTok{        a\_i }\OperatorTok
                                           {=}\NormalTok{ form\_eval\_func(e...
The control sequence at the end of the top line
of your error message was never \def'ed. If you have
misspelled it (e.g., `\hobx'), type `I' and the correct
spelling (e.g., `I\hbox'). Otherwise just continue,
and I'll forget about whatever was undefined.

! Undefined control sequence.
l.845 ...k{        a\_i }\OperatorTok{=}\NormalTok
                                                  { form\_eval\_func(e\_i)}
The control sequence at the end of the top line
of your error message was never \def'ed. If you have
misspelled it (e.g., `\hobx'), type `I' and the correct
spelling (e.g., `I\hbox'). Otherwise just continue,
and I'll forget about whatever was undefined.

! Undefined control sequence.
l.846 \NormalTok
                {        representing\_vector.append(a\_i)}
The control sequence at the end of the top line
of your error message was never \def'ed. If you have
misspelled it (e.g., `\hobx'), type `I' and the correct
spelling (e.g., `I\hbox'). Otherwise just continue,
and I'll forget about whatever was undefined.

! Undefined control sequence.
l.848     \ControlFlowTok
                         {return}\NormalTok{ representing\_vector}
The control sequence at the end of the top line
of your error message was never \def'ed. If you have
misspelled it (e.g., `\hobx'), type `I' and the correct
spelling (e.g., `I\hbox'). Otherwise just continue,
and I'll forget about whatever was undefined.

! Undefined control sequence.
l.848     \ControlFlowTok{return}\NormalTok
                                           { representing\_vector}
The control sequence at the end of the top line
of your error message was never \def'ed. If you have
misspelled it (e.g., `\hobx'), type `I' and the correct
spelling (e.g., `I\hbox'). Otherwise just continue,
and I'll forget about whatever was undefined.

! Undefined control sequence.
l.850 \KeywordTok
                 {def}\NormalTok{ custom\_form(v):}
The control sequence at the end of the top line
of your error message was never \def'ed. If you have
misspelled it (e.g., `\hobx'), type `I' and the correct
spelling (e.g., `I\hbox'). Otherwise just continue,
and I'll forget about whatever was undefined.

! Undefined control sequence.
l.850 \KeywordTok{def}\NormalTok
                                { custom\_form(v):}
The control sequence at the end of the top line
of your error message was never \def'ed. If you have
misspelled it (e.g., `\hobx'), type `I' and the correct
spelling (e.g., `I\hbox'). Otherwise just continue,
and I'll forget about whatever was undefined.

! Undefined control sequence.
l.851     \CommentTok
                     {\# Une forme linéaire quelconque agissant sur un vect...
The control sequence at the end of the top line
of your error message was never \def'ed. If you have
misspelled it (e.g., `\hobx'), type `I' and the correct
spelling (e.g., `I\hbox'). Otherwise just continue,
and I'll forget about whatever was undefined.

! Undefined control sequence.
l.852     \ControlFlowTok
                         {return} \DecValTok{3}\ErrorTok{v}\NormalTok{[}\Dec...
The control sequence at the end of the top line
of your error message was never \def'ed. If you have
misspelled it (e.g., `\hobx'), type `I' and the correct
spelling (e.g., `I\hbox'). Otherwise just continue,
and I'll forget about whatever was undefined.

! Undefined control sequence.
l.852     \ControlFlowTok{return} \DecValTok
                                            {3}\ErrorTok{v}\NormalTok{[}\Dec...
The control sequence at the end of the top line
of your error message was never \def'ed. If you have
misspelled it (e.g., `\hobx'), type `I' and the correct
spelling (e.g., `I\hbox'). Otherwise just continue,
and I'll forget about whatever was undefined.

! Undefined control sequence.
l.852 ...rolFlowTok{return} \DecValTok{3}\ErrorTok
                                                  {v}\NormalTok{[}\DecValTok...
The control sequence at the end of the top line
of your error message was never \def'ed. If you have
misspelled it (e.g., `\hobx'), type `I' and the correct
spelling (e.g., `I\hbox'). Otherwise just continue,
and I'll forget about whatever was undefined.

! Undefined control sequence.
l.852 ...turn} \DecValTok{3}\ErrorTok{v}\NormalTok
                                                  {[}\DecValTok{1}\NormalTok...
The control sequence at the end of the top line
of your error message was never \def'ed. If you have
misspelled it (e.g., `\hobx'), type `I' and the correct
spelling (e.g., `I\hbox'). Otherwise just continue,
and I'll forget about whatever was undefined.

! Undefined control sequence.
l.852 ...Tok{3}\ErrorTok{v}\NormalTok{[}\DecValTok
                                                  {1}\NormalTok{] }\Operator...
The control sequence at the end of the top line
of your error message was never \def'ed. If you have
misspelled it (e.g., `\hobx'), type `I' and the correct
spelling (e.g., `I\hbox'). Otherwise just continue,
and I'll forget about whatever was undefined.

! Undefined control sequence.
l.852 ...ok{v}\NormalTok{[}\DecValTok{1}\NormalTok
                                                  {] }\OperatorTok{+} \DecVa...
The control sequence at the end of the top line
of your error message was never \def'ed. If you have
misspelled it (e.g., `\hobx'), type `I' and the correct
spelling (e.g., `I\hbox'). Otherwise just continue,
and I'll forget about whatever was undefined.

! Undefined control sequence.
l.852 ...[}\DecValTok{1}\NormalTok{] }\OperatorTok
                                                  {+} \DecValTok{5}\Operator...
The control sequence at the end of the top line
of your error message was never \def'ed. If you have
misspelled it (e.g., `\hobx'), type `I' and the correct
spelling (e.g., `I\hbox'). Otherwise just continue,
and I'll forget about whatever was undefined.

! Undefined control sequence.
l.852 ...}\NormalTok{] }\OperatorTok{+} \DecValTok
                                                  {5}\OperatorTok{*}\NormalT...
The control sequence at the end of the top line
of your error message was never \def'ed. If you have
misspelled it (e.g., `\hobx'), type `I' and the correct
spelling (e.g., `I\hbox'). Otherwise just continue,
and I'll forget about whatever was undefined.

! Undefined control sequence.
l.852 ...\OperatorTok{+} \DecValTok{5}\OperatorTok
                                                  {*}\NormalTok{v[}\DecValTo...
The control sequence at the end of the top line
of your error message was never \def'ed. If you have
misspelled it (e.g., `\hobx'), type `I' and the correct
spelling (e.g., `I\hbox'). Otherwise just continue,
and I'll forget about whatever was undefined.

! Undefined control sequence.
l.852 ...+} \DecValTok{5}\OperatorTok{*}\NormalTok
                                                  {v[}\DecValTok{2}\NormalTo...
The control sequence at the end of the top line
of your error message was never \def'ed. If you have
misspelled it (e.g., `\hobx'), type `I' and the correct
spelling (e.g., `I\hbox'). Otherwise just continue,
and I'll forget about whatever was undefined.

! Undefined control sequence.
l.852 ...5}\OperatorTok{*}\NormalTok{v[}\DecValTok
                                                  {2}\NormalTok{]}
The control sequence at the end of the top line
of your error message was never \def'ed. If you have
misspelled it (e.g., `\hobx'), type `I' and the correct
spelling (e.g., `I\hbox'). Otherwise just continue,
and I'll forget about whatever was undefined.

! Undefined control sequence.
l.852 ...k{*}\NormalTok{v[}\DecValTok{2}\NormalTok
                                                  {]}
The control sequence at the end of the top line
of your error message was never \def'ed. If you have
misspelled it (e.g., `\hobx'), type `I' and the correct
spelling (e.g., `I\hbox'). Otherwise just continue,
and I'll forget about whatever was undefined.

! Undefined control sequence.
l.854 \NormalTok
                {repr\_vec }\OperatorTok{=}\NormalTok{ riesz\_representation...
The control sequence at the end of the top line
of your error message was never \def'ed. If you have
misspelled it (e.g., `\hobx'), type `I' and the correct
spelling (e.g., `I\hbox'). Otherwise just continue,
and I'll forget about whatever was undefined.

! Undefined control sequence.
l.854 \NormalTok{repr\_vec }\OperatorTok
                                        {=}\NormalTok{ riesz\_representation...
The control sequence at the end of the top line
of your error message was never \def'ed. If you have
misspelled it (e.g., `\hobx'), type `I' and the correct
spelling (e.g., `I\hbox'). Otherwise just continue,
and I'll forget about whatever was undefined.

! Undefined control sequence.
l.854 ...lTok{repr\_vec }\OperatorTok{=}\NormalTok
                                                  { riesz\_representation(cu...
The control sequence at the end of the top line
of your error message was never \def'ed. If you have
misspelled it (e.g., `\hobx'), type `I' and the correct
spelling (e.g., `I\hbox'). Otherwise just continue,
and I'll forget about whatever was undefined.

! Undefined control sequence.
l.854 ..._representation(custom\_form, }\DecValTok
                                                  {3}\NormalTok{)}
The control sequence at the end of the top line
of your error message was never \def'ed. If you have
misspelled it (e.g., `\hobx'), type `I' and the correct
spelling (e.g., `I\hbox'). Otherwise just continue,
and I'll forget about whatever was undefined.

! Undefined control sequence.
l.854 ...on(custom\_form, }\DecValTok{3}\NormalTok
                                                  {)}
The control sequence at the end of the top line
of your error message was never \def'ed. If you have
misspelled it (e.g., `\hobx'), type `I' and the correct
spelling (e.g., `I\hbox'). Otherwise just continue,
and I'll forget about whatever was undefined.

! Undefined control sequence.
l.855 \ControlFlowTok
                     {assert}\NormalTok{ repr\_vec }\OperatorTok{==}\NormalT...
The control sequence at the end of the top line
of your error message was never \def'ed. If you have
misspelled it (e.g., `\hobx'), type `I' and the correct
spelling (e.g., `I\hbox'). Otherwise just continue,
and I'll forget about whatever was undefined.

! Undefined control sequence.
l.855 \ControlFlowTok{assert}\NormalTok
                                       { repr\_vec }\OperatorTok{==}\NormalT...
The control sequence at the end of the top line
of your error message was never \def'ed. If you have
misspelled it (e.g., `\hobx'), type `I' and the correct
spelling (e.g., `I\hbox'). Otherwise just continue,
and I'll forget about whatever was undefined.

! Undefined control sequence.
l.855 ...ssert}\NormalTok{ repr\_vec }\OperatorTok
                                                  {==}\NormalTok{ [}\DecValT...
The control sequence at the end of the top line
of your error message was never \def'ed. If you have
misspelled it (e.g., `\hobx'), type `I' and the correct
spelling (e.g., `I\hbox'). Otherwise just continue,
and I'll forget about whatever was undefined.

! Undefined control sequence.
l.855 ...ok{ repr\_vec }\OperatorTok{==}\NormalTok
                                                  { [}\DecValTok{3}\NormalTo...
The control sequence at the end of the top line
of your error message was never \def'ed. If you have
misspelled it (e.g., `\hobx'), type `I' and the correct
spelling (e.g., `I\hbox'). Otherwise just continue,
and I'll forget about whatever was undefined.

! Undefined control sequence.
l.855 ...}\OperatorTok{==}\NormalTok{ [}\DecValTok
                                                  {3}\NormalTok{, }\Operator...
The control sequence at the end of the top line
of your error message was never \def'ed. If you have
misspelled it (e.g., `\hobx'), type `I' and the correct
spelling (e.g., `I\hbox'). Otherwise just continue,
and I'll forget about whatever was undefined.

! Undefined control sequence.
l.855 ...{==}\NormalTok{ [}\DecValTok{3}\NormalTok
                                                  {, }\OperatorTok{{-}}\DecV...
The control sequence at the end of the top line
of your error message was never \def'ed. If you have
misspelled it (e.g., `\hobx'), type `I' and the correct
spelling (e.g., `I\hbox'). Otherwise just continue,
and I'll forget about whatever was undefined.

! Undefined control sequence.
l.855 ...[}\DecValTok{3}\NormalTok{, }\OperatorTok
                                                  {{-}}\DecValTok{2}\NormalT...
The control sequence at the end of the top line
of your error message was never \def'ed. If you have
misspelled it (e.g., `\hobx'), type `I' and the correct
spelling (e.g., `I\hbox'). Otherwise just continue,
and I'll forget about whatever was undefined.

! Undefined control sequence.
l.855 ...\NormalTok{, }\OperatorTok{{-}}\DecValTok
                                                  {2}\NormalTok{, }\DecValTo...
The control sequence at the end of the top line
of your error message was never \def'ed. If you have
misspelled it (e.g., `\hobx'), type `I' and the correct
spelling (e.g., `I\hbox'). Otherwise just continue,
and I'll forget about whatever was undefined.

! Undefined control sequence.
l.855 ...}\OperatorTok{{-}}\DecValTok{2}\NormalTok
                                                  {, }\DecValTok{5}\NormalTo...
The control sequence at the end of the top line
of your error message was never \def'ed. If you have
misspelled it (e.g., `\hobx'), type `I' and the correct
spelling (e.g., `I\hbox'). Otherwise just continue,
and I'll forget about whatever was undefined.

! Undefined control sequence.
l.855 ...{-}}\DecValTok{2}\NormalTok{, }\DecValTok
                                                  {5}\NormalTok{]}
The control sequence at the end of the top line
of your error message was never \def'ed. If you have
misspelled it (e.g., `\hobx'), type `I' and the correct
spelling (e.g., `I\hbox'). Otherwise just continue,
and I'll forget about whatever was undefined.

! Undefined control sequence.
l.855 ...k{2}\NormalTok{, }\DecValTok{5}\NormalTok
                                                  {]}
The control sequence at the end of the top line
of your error message was never \def'ed. If you have
misspelled it (e.g., `\hobx'), type `I' and the correct
spelling (e.g., `I\hbox'). Otherwise just continue,
and I'll forget about whatever was undefined.


! LaTeX Error: \begin{document} ended by \end{Highlighting}.

See the LaTeX manual or LaTeX Companion for explanation.
Type  H <return>  for immediate help.
 ...

l.856 \end{Highlighting}

Your command was ignored.
Type  I <command> <return>  to replace it with another command,
or  <return>  to continue without it.


! LaTeX Error: \begin{document} ended by \end{Shaded}.

See the LaTeX manual or LaTeX Companion for explanation.
Type  H <return>  for immediate help.
 ...

l.857 \end{Shaded}

Your command was ignored.
Type  I <command> <return>  to replace it with another command,
or  <return>  to continue without it.

[13] [14] (./jalon-11.aux)
 ***********
LaTeX2e <2023-11-01> patch level 1
L3 programming layer <2024-01-22>
 ***********
Package rerunfilecheck Info: File `jalon-11.out' has not changed.
(rerunfilecheck)             Checksum: 90AC15660E7300E69CF19391566B339A;7197.
 )
Here is how much of TeX's memory you used:
 24205 strings out of 476153
 435037 string characters out of 5794327
 1942975 words of memory out of 5000000
 45718 multiletter control sequences out of 15000+600000
 573579 words of font info for 77 fonts, out of 8000000 for 9000
 14 hyphenation exceptions out of 8191
 102i,9n,107p,568b,704s stack positions out of 10000i,1000n,20000p,200000b,200000s
 </home/jules/.texlive2023/texmf-var/fonts/pk/ljfour/jknappen/ec/tcrm1200.600
pk> </home/jules/.texlive2023/texmf-var/fonts/pk/ljfour/jknappen/ec/ecit1200.60
0pk> </home/jules/.texlive2023/texmf-var/fonts/pk/ljfour/jknappen/ec/ecti1200.6
00pk> </home/jules/.texlive2023/texmf-var/fonts/pk/ljfour/jknappen/ec/ecbx1440.
600pk> </home/jules/.texlive2023/texmf-var/fonts/pk/ljfour/jknappen/ec/ecrm1200
.600pk> </home/jules/.texlive2023/texmf-var/fonts/pk/ljfour/jknappen/ec/ecbx120
0.600pk> </home/jules/.texlive2023/texmf-var/fonts/pk/ljfour/jknappen/ec/ecbx17
28.600pk> </home/jules/.texlive2023/texmf-var/fonts/pk/ljfour/jknappen/ec/ecrm1
440.600pk> </home/jules/.texlive2023/texmf-var/fonts/pk/ljfour/jknappen/ec/ecrm
2074.600pk></usr/share/texlive/texmf-dist/fonts/type1/public/amsfonts/cm/cmex10
.pfb></usr/share/texlive/texmf-dist/fonts/type1/public/amsfonts/cm/cmmi12.pfb><
/usr/share/texlive/texmf-dist/fonts/type1/public/amsfonts/cm/cmmi6.pfb></usr/sh
are/texlive/texmf-dist/fonts/type1/public/amsfonts/cm/cmmi8.pfb></usr/share/tex
live/texmf-dist/fonts/type1/public/amsfonts/cm/cmr12.pfb></usr/share/texlive/te
xmf-dist/fonts/type1/public/amsfonts/cm/cmr6.pfb></usr/share/texlive/texmf-dist
/fonts/type1/public/amsfonts/cm/cmr8.pfb></usr/share/texlive/texmf-dist/fonts/t
ype1/public/amsfonts/cm/cmsy10.pfb></usr/share/texlive/texmf-dist/fonts/type1/p
ublic/amsfonts/cm/cmsy6.pfb></usr/share/texlive/texmf-dist/fonts/type1/public/a
msfonts/cm/cmsy8.pfb></usr/share/texlive/texmf-dist/fonts/type1/public/amsfonts
/symbols/msam10.pfb></usr/share/texlive/texmf-dist/fonts/type1/public/amsfonts/
symbols/msbm10.pfb>
Output written on jalon-11.pdf (14 pages, 261468 bytes).
PDF statistics:
 775 PDF objects out of 1000 (max. 8388607)
 415 compressed objects within 5 object streams
 121 named destinations out of 1000 (max. 500000)
 325 words of extra memory for PDF output out of 10000 (max. 10000000)
